source,target,pathway_name,prob,pval
Astrocyte,Astrocyte,CD39,0.0194773505104544,0
Astrocyte,Astrocyte,CNTN,0.373101799949468,0
Astrocyte,Astrocyte,COLLAGEN,0.142874983950055,0
Astrocyte,Astrocyte,ENHO,0.0755236078873015,0
Astrocyte,Astrocyte,FGF,0.641587533885924,0
Astrocyte,Astrocyte,JAM,0.24683375366128,0
Astrocyte,Astrocyte,LAMININ,0.632507484716479,0
Astrocyte,Astrocyte,MK,0.389657244965862,0
Astrocyte,Astrocyte,MPZ,0.0187549868377439,0
Astrocyte,Astrocyte,NCAM,0.703194969776391,0
Astrocyte,Astrocyte,NRXN,0.517085125274428,0
Astrocyte,Astrocyte,PDGF,0.0166248196107631,0
Astrocyte,Astrocyte,PSAP,0.479992431275269,0
Astrocyte,Astrocyte,PTN,1.10461276794164,0
Astrocyte,Astrocyte,PTPRM,0.283940942057801,0
Astrocyte,Astrocyte,SEMA4,0.0206743926336926,0
Astrocyte,Astrocyte,WNT,0.0280802401240538,0
Astrocyte,Endothelial,ANGPT,0.0673399199166741,0
Astrocyte,Endothelial,CD46,0.0155101419512154,0
Astrocyte,Endothelial,COLLAGEN,0.0845667237221442,0
Astrocyte,Endothelial,JAM,0.434810379700658,0
Astrocyte,Endothelial,LAMININ,0.741175217542335,0
Astrocyte,Endothelial,MK,0.141117262331156,0
Astrocyte,Endothelial,MPZ,0.0854494653357889,0
Astrocyte,Endothelial,PTN,0.210384111034443,0
Astrocyte,Endothelial,PTPRM,0.365206129156179,0
Astrocyte,Endothelial,SEMA4,0.0844403440306907,0
Astrocyte,Endothelial,VEGF,1.15955681537585,0
Astrocyte,Endothelial,WNT,0.0852887594855795,0
Astrocyte,Ependymal,COLLAGEN,0.0855438606584471,0
Astrocyte,Ependymal,ENHO,0.084094149153228,0
Astrocyte,Ependymal,FGF,0.496520106672054,0
Astrocyte,Ependymal,JAM,0.119461520965035,0
Astrocyte,Ependymal,LAMININ,0.328419138012562,0
Astrocyte,Ependymal,MK,0.400185033637306,0
Astrocyte,Ependymal,NCAM,0.309216596566904,0
Astrocyte,Ependymal,PSAP,0.361712670934778,0
Astrocyte,Ependymal,PTN,1.19268078198879,0
Astrocyte,Ependymal,PTPRM,0.248929567000245,0
Astrocyte,Ependymal,SEMA4,0.118923376014553,0
Astrocyte,Ependymal,TGFb,0.0262126606453299,0
Astrocyte,Ependymal,WNT,0.0577595869671806,0
Astrocyte,GABAergic_Neuron,CADM,0.393572540090948,0
Astrocyte,GABAergic_Neuron,COLLAGEN,0.0243978864171619,0
Astrocyte,GABAergic_Neuron,ENHO,0.0492488480290111,0
Astrocyte,GABAergic_Neuron,FGF,0.322609608059406,0
Astrocyte,GABAergic_Neuron,JAM,0.187783101498409,0
Astrocyte,GABAergic_Neuron,LAMININ,0.817293400444444,0
Astrocyte,GABAergic_Neuron,MK,0.303297543757129,0
Astrocyte,GABAergic_Neuron,NCAM,1.25494998126075,0
Astrocyte,GABAergic_Neuron,NECTIN,0.0324883367182843,0
Astrocyte,GABAergic_Neuron,NEGR,0.431342519536375,0
Astrocyte,GABAergic_Neuron,NGL,0.255200885827334,0
Astrocyte,GABAergic_Neuron,NRXN,1.76579362402112,0
Astrocyte,GABAergic_Neuron,PTN,1.11945922101888,0
Astrocyte,GABAergic_Neuron,PTPRM,0.206624814933449,0
Astrocyte,GABAergic_Neuron,SEMA4,0.213652366445402,0
Astrocyte,GABAergic_Neuron,SEMA5,0.0402636161474426,0
Astrocyte,GABAergic_Neuron,SEMA6,0.152263995140195,0
Astrocyte,GABAergic_Neuron,WNT,0.0535283499487381,0
Astrocyte,Glutamatergic_Neuron,CADM,0.395710717262801,0
Astrocyte,Glutamatergic_Neuron,CD39,0.0109809588877027,0
Astrocyte,Glutamatergic_Neuron,COLLAGEN,0.024544751680301,0
Astrocyte,Glutamatergic_Neuron,ENHO,0.0490275439498688,0
Astrocyte,Glutamatergic_Neuron,FGF,0.331978713573421,0
Astrocyte,Glutamatergic_Neuron,JAM,0.188612116355075,0
Astrocyte,Glutamatergic_Neuron,LAMININ,0.804851046790658,0
Astrocyte,Glutamatergic_Neuron,MK,0.315342452625382,0
Astrocyte,Glutamatergic_Neuron,NCAM,1.73843911597416,0
Astrocyte,Glutamatergic_Neuron,NECTIN,0.0386236875720679,0
Astrocyte,Glutamatergic_Neuron,NEGR,0.418958601636793,0
Astrocyte,Glutamatergic_Neuron,NGL,0.370316677006466,0
Astrocyte,Glutamatergic_Neuron,NRXN,1.80690723323446,0
Astrocyte,Glutamatergic_Neuron,PTN,1.15661874154924,0
Astrocyte,Glutamatergic_Neuron,PTPRM,0.209904709704969,0
Astrocyte,Glutamatergic_Neuron,SEMA4,0.234827152919099,0.00666666666666667
Astrocyte,Glutamatergic_Neuron,SEMA5,0.0431916473214516,0
Astrocyte,Glutamatergic_Neuron,SEMA6,0.163967521844333,0
Astrocyte,Glutamatergic_Neuron,WNT,0.0497046602161678,0
Astrocyte,MOL,CD39,0.0801409939184076,0
Astrocyte,MOL,COLLAGEN,0.0696828225776323,0
Astrocyte,MOL,FGF,0.287403088910561,0
Astrocyte,MOL,JAM,0.392193913204111,0
Astrocyte,MOL,LAMININ,0.695172538512814,0
Astrocyte,MOL,MK,0.0562790611878188,0
Astrocyte,MOL,MPZ,0.0809733951893278,0
Astrocyte,MOL,NCAM,0.925029580702845,0
Astrocyte,MOL,NECTIN,0.0557949467804497,0
Astrocyte,MOL,NRG,0.0783740730593413,0
Astrocyte,MOL,PSAP,0.37456605743944,0
Astrocyte,MOL,PTN,0.219577497419003,0
Astrocyte,MOL,SEMA4,0.101087174813633,0
Astrocyte,MOL,WNT,0.0231688306935442,0
Astrocyte,Microglia,APP,0.00855087239430807,0
Astrocyte,Microglia,COLLAGEN,0.0888683277202769,0
Astrocyte,Microglia,FGF,0.152103169898107,0
Astrocyte,Microglia,JAM,0.460527785672069,0
Astrocyte,Microglia,LAMININ,0.560491658962332,0
Astrocyte,Microglia,MK,0.231595252546367,0
Astrocyte,Microglia,PTN,0.29818000551649,0
Astrocyte,Microglia,PTPRM,0.2962483823023,0
Astrocyte,Microglia,SEMA4,0.133535076067361,0
Astrocyte,Microglia,TGFb,0.162162810810707,0
Astrocyte,OPC,CD39,0.0626362317332234,0
Astrocyte,OPC,COLLAGEN,0.139816597738997,0
Astrocyte,OPC,ENHO,0.0511437788687299,0
Astrocyte,OPC,FGF,0.215182354141506,0.005
Astrocyte,OPC,JAM,0.415358593390538,0
Astrocyte,OPC,LAMININ,0.880998073337529,0
Astrocyte,OPC,MK,0.352390039822672,0
Astrocyte,OPC,MPZ,0.0616304851054215,0
Astrocyte,OPC,NCAM,0.448555918521642,0
Astrocyte,OPC,NECTIN,0.0398971961288634,0
Astrocyte,OPC,NRG,0.0373645938174463,0
Astrocyte,OPC,NRXN,2.55954256306722,0
Astrocyte,OPC,PSAP,0.323024036278423,0
Astrocyte,OPC,PTN,1.06219102308219,0
Astrocyte,OPC,PTPRM,0.268278421767263,0
Astrocyte,OPC,SEMA4,0.0669520502310096,0
Astrocyte,OPC,SEMA5,0.011542779595609,0
Astrocyte,OPC,WNT,0.0798419064642902,0
Astrocyte,Pericyte,CD39,0.0636801454816925,0
Astrocyte,Pericyte,CD46,0.0131703921173559,0
Astrocyte,Pericyte,COLLAGEN,0.102951082792052,0
Astrocyte,Pericyte,JAM,0.193202153984126,0
Astrocyte,Pericyte,LAMININ,0.832988806942137,0
Astrocyte,Pericyte,MK,0.286711213935293,0
Astrocyte,Pericyte,PDGF,0.0850583433982704,0
Astrocyte,Pericyte,PTN,0.587044927379052,0
Astrocyte,Pericyte,PTPRM,0.234368621786794,0
Astrocyte,Pericyte,SEMA4,0.0420028869115184,0
Astrocyte,Pericyte,VEGF,0.0854419986218347,0
Astrocyte,Pericyte,WNT,0.0345830369390701,0
Astrocyte,SMC,CD46,0.0768066301616624,0
Astrocyte,SMC,COLLAGEN,0.177287626116343,0
Astrocyte,SMC,FGF,0.359208977887153,0
Astrocyte,SMC,JAM,0.304367751189487,0
Astrocyte,SMC,LAMININ,1.25739027198373,0
Astrocyte,SMC,MK,0.298635714039542,0
Astrocyte,SMC,NCAM,0.308506237980947,0
Astrocyte,SMC,PDGF,0.0792753405008468,0
Astrocyte,SMC,PTN,0.677227845405533,0
Astrocyte,SMC,SEMA4,0.0460718568777792,0
Astrocyte,SMC,WNT,0.0207876261567428,0
Astrocyte,Tanycyte,CNTN,0.379163386073964,0
Astrocyte,Tanycyte,COLLAGEN,0.152366207413533,0
Astrocyte,Tanycyte,ENHO,0.0759606180160561,0
Astrocyte,Tanycyte,FGF,0.449392962955276,0
Astrocyte,Tanycyte,JAM,0.325980416905558,0
Astrocyte,Tanycyte,LAMININ,0.662823526008083,0
Astrocyte,Tanycyte,MK,0.366791926737446,0
Astrocyte,Tanycyte,MPZ,0.017892871029837,0
Astrocyte,Tanycyte,NCAM,0.279695352218548,0
Astrocyte,Tanycyte,NRXN,0.509736077555578,0.02
Astrocyte,Tanycyte,PTN,1.07734627732115,0
Astrocyte,Tanycyte,PTPRM,0.230308652668363,0
Astrocyte,Tanycyte,SEMA4,0.0833797581518155,0
Astrocyte,Tanycyte,VEGF,0.0937131434630496,0
Astrocyte,Tanycyte,WNT,0.0875710058320146,0
Endothelial,Astrocyte,AGRN,0.176196748399278,0
Endothelial,Astrocyte,CD39,0.0221575997809862,0
Endothelial,Astrocyte,COLLAGEN,1.10793791615648,0
Endothelial,Astrocyte,EDN,0.0915927981031721,0
Endothelial,Astrocyte,EGF,0.219391586311547,0
Endothelial,Astrocyte,FN1,0.767065227402244,0
Endothelial,Astrocyte,GAS,0.112638508990689,0
Endothelial,Astrocyte,HSPG,0.0635286525151951,0
Endothelial,Astrocyte,JAM,0.46917736075523,0
Endothelial,Astrocyte,LAMININ,0.617884693376612,0.00166666666666667
Endothelial,Astrocyte,MPZ,0.0854494653357889,0
Endothelial,Astrocyte,NOTCH,0.551056788101821,0
Endothelial,Astrocyte,PDGF,0.0357208943202872,0
Endothelial,Astrocyte,PROS,0.0180095363969142,0
Endothelial,Astrocyte,PSAP,0.333053944232111,0
Endothelial,Astrocyte,PTN,1.25126107195132,0
Endothelial,Astrocyte,PTPRM,0.365206129156179,0
Endothelial,Astrocyte,SEMA3,0.169600347351387,0
Endothelial,Astrocyte,VISFATIN,0.158762951344747,0
Endothelial,Astrocyte,VISTA,0.0327221216359862,0
Endothelial,Endothelial,CDH5,0.361921552127458,0
Endothelial,Endothelial,COLLAGEN,0.633326309303314,0
Endothelial,Endothelial,CXCL,0.104496266126114,0
Endothelial,Endothelial,EPHA,0.0449487284303989,0
Endothelial,Endothelial,ESAM,0.318388463429274,0
Endothelial,Endothelial,FN1,0.160263891099534,0
Endothelial,Endothelial,GAS,0.021997772984388,0.01
Endothelial,Endothelial,HSPG,0.0204949762273674,0
Endothelial,Endothelial,JAM,0.887400734596794,0
Endothelial,Endothelial,LAMININ,0.766611390372559,0
Endothelial,Endothelial,MIF,0.013645917491377,0
Endothelial,Endothelial,MPZ,0.31353319271297,0
Endothelial,Endothelial,NOTCH,0.3642456040598,0
Endothelial,Endothelial,OCLN,0.306330913919413,0
Endothelial,Endothelial,PECAM1,0.385201594610806,0
Endothelial,Endothelial,PTN,0.241971207137615,0
Endothelial,Endothelial,PTPRM,0.454952377527075,0
Endothelial,Endothelial,SEMA3,0.43955779813377,0
Endothelial,Endothelial,SEMA6,0.297431419556756,0
Endothelial,Endothelial,SEMA7,0.312525824990459,0
Endothelial,Endothelial,VISFATIN,0.238256818576146,0
Endothelial,Ependymal,AGRN,0.245948049760342,0
Endothelial,Ependymal,COLLAGEN,0.638770941538924,0
Endothelial,Ependymal,CX3C,0.0149871743827003,0.03
Endothelial,Ependymal,CXCL,0.180939598563354,0
Endothelial,Ependymal,EDN,0.0638059527061924,0
Endothelial,Ependymal,EGF,0.0601581041940623,0
Endothelial,Ependymal,FN1,0.347576302806925,0
Endothelial,Ependymal,HSPG,0.0937538384756711,0
Endothelial,Ependymal,JAM,0.272313976699957,0
Endothelial,Ependymal,LAMININ,0.357849811729723,0
Endothelial,Ependymal,MIF,0.0140684347960304,0
Endothelial,Ependymal,MPZ,0.0904307371532082,0
Endothelial,Ependymal,NOTCH,0.351220437160448,0
Endothelial,Ependymal,OCLN,0.243628596318927,0
Endothelial,Ependymal,PSAP,0.253872601310693,0
Endothelial,Ependymal,PTN,1.34805613459595,0
Endothelial,Ependymal,PTPRM,0.324718396228862,0
Endothelial,Ependymal,SEMA3,0.191928667369491,0
Endothelial,Ependymal,SEMA6,0.242197358880034,0
Endothelial,Ependymal,SEMA7,0.0826384708993088,0
Endothelial,Ependymal,TGFb,0.0667743648619541,0
Endothelial,Ependymal,VISFATIN,0.0651633385749373,0.02
Endothelial,Ependymal,VISTA,0.0338861453563224,0
Endothelial,GABAergic_Neuron,AGRN,0.162796981370694,0
Endothelial,GABAergic_Neuron,COLLAGEN,0.222998158975944,0
Endothelial,GABAergic_Neuron,EGF,0.0647778764588811,0
Endothelial,GABAergic_Neuron,EPHA,0.125391694297167,0
Endothelial,GABAergic_Neuron,FN1,0.12466592744111,0
Endothelial,GABAergic_Neuron,HSPG,0.0580930685448492,0
Endothelial,GABAergic_Neuron,JAM,0.359729684941505,0
Endothelial,GABAergic_Neuron,LAMININ,0.806103081647507,0.001
Endothelial,GABAergic_Neuron,MPZ,0.0547512035243476,0
Endothelial,GABAergic_Neuron,PTN,1.28289716002393,0
Endothelial,GABAergic_Neuron,PTPRM,0.274236448233042,0
Endothelial,GABAergic_Neuron,SEMA3,1.85033051563018,0
Endothelial,GABAergic_Neuron,SEMA6,0.530913178936583,0
Endothelial,GABAergic_Neuron,SEMA7,0.247761129250219,0
Endothelial,GABAergic_Neuron,VISFATIN,0.175169429987497,0
Endothelial,Glutamatergic_Neuron,AGRN,0.166011613860441,0
Endothelial,Glutamatergic_Neuron,CD39,0.0125069456181446,0
Endothelial,Glutamatergic_Neuron,COLLAGEN,0.224219818297653,0
Endothelial,Glutamatergic_Neuron,EGF,0.0558012544010196,0
Endothelial,Glutamatergic_Neuron,EPHA,0.150705259270884,0
Endothelial,Glutamatergic_Neuron,FN1,0.125338822215656,0
Endothelial,Glutamatergic_Neuron,HSPG,0.0593868482756398,0
Endothelial,Glutamatergic_Neuron,JAM,0.36119725325835,0
Endothelial,Glutamatergic_Neuron,KIT,0.0855797047130842,0
Endothelial,Glutamatergic_Neuron,LAMININ,0.799392134003508,0.001
Endothelial,Glutamatergic_Neuron,MPZ,0.0558502024828848,0
Endothelial,Glutamatergic_Neuron,PTN,1.32295791115316,0
Endothelial,Glutamatergic_Neuron,PTPRM,0.278213232676274,0
Endothelial,Glutamatergic_Neuron,SEMA3,1.97015726379876,0
Endothelial,Glutamatergic_Neuron,SEMA6,0.54349812561967,0
Endothelial,Glutamatergic_Neuron,SEMA7,0.238565881069448,0
Endothelial,Glutamatergic_Neuron,VISFATIN,0.177661591703337,0
Endothelial,MOL,CD39,0.0903994471268577,0
Endothelial,MOL,COLLAGEN,0.546262275246822,0
Endothelial,MOL,EGF,0.104509486319622,0
Endothelial,MOL,EPHA,0.0134867274002158,0
Endothelial,MOL,FN1,0.555811455507873,0
Endothelial,MOL,GAS,0.0882449148587963,0
Endothelial,MOL,HSPG,0.0182082401203069,0
Endothelial,MOL,JAM,0.725737260267154,0
Endothelial,MOL,LAMININ,0.710024004007186,0.000909090909090909
Endothelial,MOL,MPZ,0.301042288556731,0
Endothelial,MOL,PROS,0.0847449516263115,0
Endothelial,MOL,PSAP,0.264481777636391,0
Endothelial,MOL,PTN,0.252104196349587,0
Endothelial,MOL,VISFATIN,0.162662039554031,0
Endothelial,MOL,VISTA,0.0459690675997699,0
Endothelial,Microglia,APP,0.0476653701692358,0
Endothelial,Microglia,COLLAGEN,0.7238659970202,0
Endothelial,Microglia,CX3C,0.099655331070907,0
Endothelial,Microglia,FN1,0.384948431047956,0
Endothelial,Microglia,GALECTIN,0.212085741865987,0
Endothelial,Microglia,GAS,0.126435142221008,0
Endothelial,Microglia,ICAM,0.0604823576373174,0
Endothelial,Microglia,JAM,0.860055153343886,0
Endothelial,Microglia,LAMININ,0.58044748989608,0
Endothelial,Microglia,NOTCH,0.334249675075453,0
Endothelial,Microglia,PTN,0.345044540149057,0
Endothelial,Microglia,PTPRM,0.379170793712898,0
Endothelial,Microglia,SEMA3,0.519638192541564,0
Endothelial,Microglia,SEMA6,0.317663412555714,0
Endothelial,Microglia,TGFb,0.380300075898816,0
Endothelial,Microglia,VISFATIN,0.158508313317616,0
Endothelial,OPC,AGRN,0.186295524555935,0
Endothelial,OPC,CD39,0.070826514063717,0
Endothelial,OPC,COLLAGEN,1.09470197719972,0
Endothelial,OPC,CXCL,0.0756967118711135,0
Endothelial,OPC,EDN,0.0608769710635116,0
Endothelial,OPC,EGF,0.104490236898726,0
Endothelial,OPC,EPHA,0.0831275562193073,0
Endothelial,OPC,FN1,0.570373048817914,0
Endothelial,OPC,GAS,0.0467126051727543,0
Endothelial,OPC,HSPG,0.0677005078788078,0
Endothelial,OPC,JAM,0.786884594729946,0
Endothelial,OPC,KIT,0.0848164961774273,0
Endothelial,OPC,LAMININ,0.876905395220364,0.000666666666666667
Endothelial,OPC,MIF,0.00961617983848926,0
Endothelial,OPC,MPZ,0.243031193529911,0
Endothelial,OPC,NOTCH,0.275619382358488,0
Endothelial,OPC,PDGF,0.121776495885728,0
Endothelial,OPC,PSAP,0.222694175291066,0
Endothelial,OPC,PTN,1.40920653376397,0.006
Endothelial,OPC,PTPRM,0.3472346886141,0
Endothelial,OPC,SEMA3,0.508771553466811,0
Endothelial,OPC,SEMA6,0.168220654557966,0
Endothelial,OPC,SEMA7,0.0668038009894138,0
Endothelial,OPC,VISFATIN,0.135640397071252,0
Endothelial,Pericyte,AGRN,0.204868931555803,0
Endothelial,Pericyte,CD39,0.0719964451199237,0
Endothelial,Pericyte,COLLAGEN,0.730695365532899,0
Endothelial,Pericyte,CXCL,0.118679645998183,0
Endothelial,Pericyte,EDN,0.0927254938433862,0
Endothelial,Pericyte,EGF,0.0399250979928665,0
Endothelial,Pericyte,ESAM,0.247722923294219,0
Endothelial,Pericyte,FN1,0.540139829319015,0
Endothelial,Pericyte,GAS,0.0856105737943905,0.005
Endothelial,Pericyte,HSPG,0.0755479253801724,0
Endothelial,Pericyte,JAM,0.318710805237594,0
Endothelial,Pericyte,LAMININ,0.883808277943326,0.000833333333333333
Endothelial,Pericyte,MIF,0.0157144816641901,0
Endothelial,Pericyte,NOTCH,0.881251665431335,0
Endothelial,Pericyte,PDGF,0.181629410753104,0
Endothelial,Pericyte,PROS,0.0589241313092876,0
Endothelial,Pericyte,PTN,0.66380891071244,0
Endothelial,Pericyte,PTPRM,0.307539499911842,0
Endothelial,Pericyte,SEMA7,0.360928381735364,0
Endothelial,Pericyte,VISFATIN,0.173227499886534,0
Endothelial,SMC,AGRN,0.259874675804652,0
Endothelial,SMC,COLLAGEN,1.35498013643996,0
Endothelial,SMC,CXCL,0.326640779484101,0
Endothelial,SMC,EDN,0.100090683338963,0
Endothelial,SMC,EGF,0.0168360515216437,0
Endothelial,SMC,ESAM,0.250909456747666,0
Endothelial,SMC,FN1,0.906787065373222,0
Endothelial,SMC,GAS,0.166106615205925,0
Endothelial,SMC,HSPG,0.100207832112781,0
Endothelial,SMC,JAM,0.555024203322174,0
Endothelial,SMC,LAMININ,1.37487837279202,0
Endothelial,SMC,MIF,0.0543844475711745,0
Endothelial,SMC,NOTCH,0.966493843058583,0
Endothelial,SMC,PDGF,0.169368756273385,0
Endothelial,SMC,PROS,0.0645611893552054,0
Endothelial,SMC,PTN,0.770100813325203,0
Endothelial,SMC,SEMA7,0.373882407319656,0
Endothelial,SMC,VISFATIN,0.180447006786826,0
Endothelial,Tanycyte,AGRN,0.183279020245136,0
Endothelial,Tanycyte,COLLAGEN,1.29247483690583,0
Endothelial,Tanycyte,EGF,0.0829540789285313,0
Endothelial,Tanycyte,EPHA,0.0348027877698295,0
Endothelial,Tanycyte,FN1,0.709886930152809,0
Endothelial,Tanycyte,GALECTIN,0.0549369895719264,0
Endothelial,Tanycyte,GAS,0.085441522088864,0
Endothelial,Tanycyte,HSPG,0.0664474864564659,0
Endothelial,Tanycyte,JAM,0.681558241223137,0
Endothelial,Tanycyte,LAMININ,0.652672498323962,0.000555555555555556
Endothelial,Tanycyte,MPZ,0.0817770866608165,0
Endothelial,Tanycyte,NOTCH,0.620229592223821,0
Endothelial,Tanycyte,PROS,0.0198333231347059,0
Endothelial,Tanycyte,PTN,1.22389699650235,0
Endothelial,Tanycyte,PTPRM,0.302713147389066,0
Endothelial,Tanycyte,SEMA3,0.182049866873153,0
Endothelial,Tanycyte,SEMA7,0.311771817376508,0
Endothelial,Tanycyte,VISFATIN,0.15417726926263,0
Endothelial,Tanycyte,VISTA,0.00831044518130152,0
Ependymal,Astrocyte,BMP,0.116450519511548,0
Ependymal,Astrocyte,CD39,0.02214411001702,0
Ependymal,Astrocyte,COLLAGEN,0.732921836817384,0
Ependymal,Astrocyte,FGF,0.244686642824784,0
Ependymal,Astrocyte,GAS,0.449688677126864,0
Ependymal,Astrocyte,JAM,0.153247687580848,0
Ependymal,Astrocyte,LAMININ,0.821755784384799,0.003
Ependymal,Astrocyte,MK,0.418953162118197,0.00166666666666667
Ependymal,Astrocyte,NCAM,0.241194764111724,0
Ependymal,Astrocyte,NRXN,0.468891002472271,0.03
Ependymal,Astrocyte,PDGF,0.00417735143877956,0
Ependymal,Astrocyte,PROS,0.0170591692522305,0
Ependymal,Astrocyte,PSAP,0.512614063179521,0
Ependymal,Astrocyte,PTPRM,0.248929567000245,0
Ependymal,Astrocyte,TENASCIN,0.270878418132715,0
Ependymal,Astrocyte,THBS,0.148665785783579,0
Ependymal,Astrocyte,WNT,0.0930295083417877,0
Ependymal,Endothelial,BMP,0.0595764321285342,0
Ependymal,Endothelial,COLLAGEN,0.433520985359644,0
Ependymal,Endothelial,EPHA,0.0619779007239179,0.04
Ependymal,Endothelial,FGF,0.0481475528446265,0
Ependymal,Endothelial,GAS,0.107466197843136,0
Ependymal,Endothelial,JAM,0.305852545583129,0
Ependymal,Endothelial,LAMININ,1.08946526204789,0
Ependymal,Endothelial,MIF,0.059688110143605,0
Ependymal,Endothelial,MK,0.151812577413476,0
Ependymal,Endothelial,MPZ,0.0904307371532082,0
Ependymal,Endothelial,OCLN,0.243628596318927,0
Ependymal,Endothelial,PTPRM,0.324718396228862,0
Ependymal,Endothelial,SEMA3,0.0204892105464651,0
Ependymal,Endothelial,SEMA6,0.228978471250002,0
Ependymal,Endothelial,THBS,0.0601071800358296,0
Ependymal,Endothelial,VEGF,0.155389641353557,0
Ependymal,Endothelial,WNT,0.270954835513773,0
Ependymal,Ependymal,BMP,0.0857854490851001,0
Ependymal,Ependymal,COLLAGEN,0.438504240106517,0
Ependymal,Ependymal,FGF,0.15472295837374,0
Ependymal,Ependymal,JAM,0.0197039263812343,0
Ependymal,Ependymal,LAMININ,0.508939440760752,0.01
Ependymal,Ependymal,MIF,0.0614474163166388,0
Ependymal,Ependymal,MK,0.430244371880225,0
Ependymal,Ependymal,NCAM,0.289769837642123,0
Ependymal,Ependymal,OCLN,0.190240823045947,0
Ependymal,Ependymal,PSAP,0.385053010057141,0
Ependymal,Ependymal,SEMA4,0.0733380364343698,0
Ependymal,Ependymal,SEMA6,0.183142664555922,0.04
Ependymal,Ependymal,TENASCIN,0.274888858786533,0
Ependymal,Ependymal,TGFb,0.037082772221932,0
Ependymal,Ependymal,THBS,0.153937074238854,0
Ependymal,Ependymal,WNT,0.179513795334556,0
Ependymal,GABAergic_Neuron,BMP,0.266597736091349,0
Ependymal,GABAergic_Neuron,CADM,0.39372672791532,0.03
Ependymal,GABAergic_Neuron,COLLAGEN,0.125542431321969,0
Ependymal,GABAergic_Neuron,EPHA,0.0134941763646877,0
Ependymal,GABAergic_Neuron,FGF,0.112165582888495,0
Ependymal,GABAergic_Neuron,JAM,0.0672803767209166,0
Ependymal,GABAergic_Neuron,LAMININ,0.995056595659173,0
Ependymal,GABAergic_Neuron,MK,0.326606141207879,0
Ependymal,GABAergic_Neuron,NCAM,0.291642650697829,0
Ependymal,GABAergic_Neuron,NECTIN,0.0350649010255587,0.02
Ependymal,GABAergic_Neuron,NRXN,1.36550293878125,0
Ependymal,GABAergic_Neuron,RELN,0.049567840128924,0
Ependymal,GABAergic_Neuron,SEMA6,0.578087358125584,0
Ependymal,GABAergic_Neuron,THBS,0.109106555630455,0
Ependymal,GABAergic_Neuron,WNT,0.162213106970371,0
Ependymal,Glutamatergic_Neuron,BMP,0.274335501080386,0
Ependymal,Glutamatergic_Neuron,CADM,0.39586519593824,0.02
Ependymal,Glutamatergic_Neuron,CD39,0.0124992561646629,0.02
Ependymal,Glutamatergic_Neuron,COLLAGEN,0.126296957302889,0
Ependymal,Glutamatergic_Neuron,EPHA,0.0596370987753297,0.015
Ependymal,Glutamatergic_Neuron,FGF,0.115666158529091,0
Ependymal,Glutamatergic_Neuron,JAM,0.0675963603444629,0
Ependymal,Glutamatergic_Neuron,LAMININ,0.978399972098245,0
Ependymal,Glutamatergic_Neuron,MK,0.339482356749607,0
Ependymal,Glutamatergic_Neuron,NCAM,0.531491698408457,0.005
Ependymal,Glutamatergic_Neuron,NECTIN,0.0416658758795362,0.01
Ependymal,Glutamatergic_Neuron,NGL,0.159250897905791,0
Ependymal,Glutamatergic_Neuron,NRXN,1.86979118601556,0.00166666666666667
Ependymal,Glutamatergic_Neuron,RELN,0.0498584750711458,0
Ependymal,Glutamatergic_Neuron,SEMA6,0.601975248772241,0
Ependymal,Glutamatergic_Neuron,THBS,0.112365248656188,0
Ependymal,Glutamatergic_Neuron,WNT,0.150345294952805,0
Ependymal,MOL,BMP,0.126058044116133,0
Ependymal,MOL,CD39,0.0903482497494321,0
Ependymal,MOL,COLLAGEN,0.357544736793425,0
Ependymal,MOL,FGF,0.109988826322489,0
Ependymal,MOL,GAS,0.341285096029011,0
Ependymal,MOL,JAM,0.254282041966189,0.00333333333333333
Ependymal,MOL,LAMININ,0.92760800496342,0
Ependymal,MOL,MK,0.060635866377856,0
Ependymal,MOL,MPZ,0.0857181911773263,0
Ependymal,MOL,NCAM,0.879123971278317,0.015
Ependymal,MOL,NECTIN,0.0601050689448644,0
Ependymal,MOL,NRG,0.181971230760957,0
Ependymal,MOL,PROS,0.0805618553696919,0
Ependymal,MOL,PSAP,0.398218343581221,0
Ependymal,MOL,SEMA4,0.0754497263448488,0
Ependymal,MOL,THBS,0.0916432365735631,0
Ependymal,MOL,WNT,0.0742485878707086,0
Ependymal,Microglia,ANGPTL,0.0547831030946852,0
Ependymal,Microglia,APP,0.0389388790797292,0
Ependymal,Microglia,BMP,0.138136687007121,0
Ependymal,Microglia,CHEMERIN,0.113351354326462,0
Ependymal,Microglia,COLLAGEN,0.456284483061127,0.002
Ependymal,Microglia,CSF,0.114368648907084,0
Ependymal,Microglia,FGF,0.0521029186844068,0
Ependymal,Microglia,GAS,0.436551345891169,0
Ependymal,Microglia,JAM,0.35940852317754,0
Ependymal,Microglia,LAMININ,0.838540814336162,0
Ependymal,Microglia,MK,0.24926610472241,0
Ependymal,Microglia,PTPRM,0.260271038783222,0
Ependymal,Microglia,SEMA4,0.0543884317922787,0
Ependymal,Microglia,SEMA6,0.246185748585147,0
Ependymal,Microglia,TENASCIN,0.305910796389588,0
Ependymal,Microglia,TGFb,0.209746836103543,0
Ependymal,Microglia,THBS,0.0786382576159848,0
Ependymal,OPC,BMP,0.224979251026371,0
Ependymal,OPC,CD39,0.0707855390971227,0
Ependymal,OPC,COLLAGEN,0.717384188388829,0
Ependymal,OPC,FGF,0.0753331483138068,0
Ependymal,OPC,GAS,0.207802983890399,0
Ependymal,OPC,JAM,0.205785956384933,0
Ependymal,OPC,LAMININ,1.2087621190548,0
Ependymal,OPC,MIF,0.0426496946706737,0
Ependymal,OPC,MK,0.378820825884258,0
Ependymal,OPC,MPZ,0.0653224072413615,0
Ependymal,OPC,NCAM,0.425746973047254,0.01
Ependymal,OPC,NECTIN,0.0430352019360086,0.01
Ependymal,OPC,NRG,0.0874082083848814,0
Ependymal,OPC,NRXN,1.98674075872529,0
Ependymal,OPC,PDGF,0.0386986161677913,0
Ependymal,OPC,PSAP,0.345218121544897,0
Ependymal,OPC,PTPRM,0.234565673259025,0.01
Ependymal,OPC,SEMA4,0.0355753338646288,0
Ependymal,OPC,SEMA6,0.124246232284061,0.01
Ependymal,OPC,TENASCIN,0.22265945409108,0
Ependymal,OPC,THBS,0.0624250712902904,0
Ependymal,OPC,WNT,0.257185115081643,0
Ependymal,Pericyte,BMP,0.0235601594929637,0
Ependymal,Pericyte,CD39,0.0719548457318871,0
Ependymal,Pericyte,COLLAGEN,0.527184627295813,0
Ependymal,Pericyte,FGF,0.0420181318930645,0
Ependymal,Pericyte,GAS,0.37657520575441,0
Ependymal,Pericyte,JAM,0.0472742001610279,0
Ependymal,Pericyte,LAMININ,1.1999259183442,0
Ependymal,Pericyte,MIF,0.0682531800044718,0
Ependymal,Pericyte,MK,0.308204054351706,0.0025
Ependymal,Pericyte,PDGF,0.0288442977705815,0
Ependymal,Pericyte,PROS,0.0559376805582489,0
Ependymal,Pericyte,VEGF,0.0236938735864642,0
Ependymal,Pericyte,WNT,0.111265075127162,0
Ependymal,SMC,BMP,0.0414607594620671,0
Ependymal,SMC,COLLAGEN,0.909036781020492,0.00266666666666667
Ependymal,SMC,FGF,0.125736435404663,0
Ependymal,SMC,GAS,0.648476005933154,0
Ependymal,SMC,JAM,0.113425945284631,0
Ependymal,SMC,LAMININ,1.95249797938898,0.0025
Ependymal,SMC,MIF,0.208785509477614,0
Ependymal,SMC,MK,0.321390065560253,0
Ependymal,SMC,NCAM,0.289085457897921,0
Ependymal,SMC,PDGF,0.0260798915357917,0
Ependymal,SMC,PROS,0.0613076481858341,0
Ependymal,SMC,TENASCIN,0.520162900926298,0
Ependymal,SMC,THBS,0.0222067083687257,0
Ependymal,SMC,WNT,0.067052021558714,0
Ependymal,Tanycyte,BMP,0.185619415085707,0
Ependymal,Tanycyte,COLLAGEN,0.760557842278936,0
Ependymal,Tanycyte,FGF,0.139134838103565,0
Ependymal,Tanycyte,GAS,0.372038287032597,0
Ependymal,Tanycyte,JAM,0.151743700398927,0
Ependymal,Tanycyte,LAMININ,0.895377657638591,0.002
Ependymal,Tanycyte,MK,0.39455499032084,0
Ependymal,Tanycyte,NCAM,0.261402630452494,0
Ependymal,Tanycyte,PROS,0.0187885557719247,0
Ependymal,Tanycyte,SEMA4,0.0568921027695934,0
Ependymal,Tanycyte,TENASCIN,0.204424011553105,0
Ependymal,Tanycyte,THBS,0.125450978126713,0
Ependymal,Tanycyte,VEGF,0.0260724762839486,0
Ependymal,Tanycyte,WNT,0.272863081893532,0
GABAergic_Neuron,Astrocyte,AGRN,0.110676658128784,0
GABAergic_Neuron,Astrocyte,CADM,0.393572540090948,0
GABAergic_Neuron,Astrocyte,CNTN,0.382179683811568,0
GABAergic_Neuron,Astrocyte,COLLAGEN,0.350655444216569,0
GABAergic_Neuron,Astrocyte,ENHO,0.0354005996176259,0
GABAergic_Neuron,Astrocyte,FGF,0.207912052413316,0
GABAergic_Neuron,Astrocyte,GAS,0.172968054510869,0
GABAergic_Neuron,Astrocyte,JAM,0.115945602733158,0
GABAergic_Neuron,Astrocyte,LAMININ,0.260416588621759,0
GABAergic_Neuron,Astrocyte,NCAM,0.696564699378631,0
GABAergic_Neuron,Astrocyte,NECTIN,0.0324883367182843,0
GABAergic_Neuron,Astrocyte,NEGR,0.431342519536375,0
GABAergic_Neuron,Astrocyte,NGL,0.0471113440517704,0
GABAergic_Neuron,Astrocyte,NOTCH,0.632676753742545,0
GABAergic_Neuron,Astrocyte,NRG,1.24647856376185,0
GABAergic_Neuron,Astrocyte,NRXN,0.521222432268704,0
GABAergic_Neuron,Astrocyte,PDGF,0.0229794846543932,0
GABAergic_Neuron,Astrocyte,PSAP,0.436985731885723,0
GABAergic_Neuron,Astrocyte,PTN,0.161647790834058,0
GABAergic_Neuron,Astrocyte,PTPRM,0.206624814933449,0
GABAergic_Neuron,Astrocyte,SEMA3,0.0206741879829726,0
GABAergic_Neuron,Astrocyte,SEMA4,0.15878635681308,0
GABAergic_Neuron,Astrocyte,TENASCIN,0.294891306917224,0
GABAergic_Neuron,Astrocyte,THBS,0.0531697391593293,0
GABAergic_Neuron,Astrocyte,VISFATIN,0.104456462881388,0
GABAergic_Neuron,Endothelial,CD46,0.0342180515004958,0
GABAergic_Neuron,Endothelial,COLLAGEN,0.206274343839868,0
GABAergic_Neuron,Endothelial,EPHA,0.261087823868158,0
GABAergic_Neuron,Endothelial,EPHB,0.324010151502246,0
GABAergic_Neuron,Endothelial,FGF,0.0273285540212968,0
GABAergic_Neuron,Endothelial,GAS,0.0349790162836093,0
GABAergic_Neuron,Endothelial,JAM,0.261411978825371,0
GABAergic_Neuron,Endothelial,LAMININ,0.2910002000497,0
GABAergic_Neuron,Endothelial,MIF,0.0608589030224561,0
GABAergic_Neuron,Endothelial,MPZ,0.0547512035243476,0
GABAergic_Neuron,Endothelial,NOTCH,0.416832521299453,0
GABAergic_Neuron,Endothelial,PTPRM,0.274236448233042,0
GABAergic_Neuron,Endothelial,SEMA3,0.061898975756852,0
GABAergic_Neuron,Endothelial,SEMA4,0.143277176991007,0
GABAergic_Neuron,Endothelial,SEMA6,0.345654705398986,0
GABAergic_Neuron,Endothelial,VEGF,0.515561711428663,0
GABAergic_Neuron,Endothelial,VISFATIN,0.16199487546564,0
GABAergic_Neuron,Ependymal,AGRN,0.159512688624758,0
GABAergic_Neuron,Ependymal,CADM,0.39372672791532,0.03
GABAergic_Neuron,Ependymal,COLLAGEN,0.208545674604461,0
GABAergic_Neuron,Ependymal,CX3C,0.0729818136609938,0
GABAergic_Neuron,Ependymal,ENHO,0.0396130186927657,0.01
GABAergic_Neuron,Ependymal,FGF,0.101418526734278,0
GABAergic_Neuron,Ependymal,JAM,0.0420375762030146,0
GABAergic_Neuron,Ependymal,LAMININ,0.147097020350118,0
GABAergic_Neuron,Ependymal,MIF,0.062650419050961,0
GABAergic_Neuron,Ependymal,NCAM,0.305990574158541,0
GABAergic_Neuron,Ependymal,NECTIN,0.0350649010255587,0.02
GABAergic_Neuron,Ependymal,NGL,0.217583823849663,0
GABAergic_Neuron,Ependymal,NOTCH,0.403514797226373,0
GABAergic_Neuron,Ependymal,NRG,0.299299499215628,0.01
GABAergic_Neuron,Ependymal,NRXN,0.469651320894033,0
GABAergic_Neuron,Ependymal,PSAP,0.330575547461769,0
GABAergic_Neuron,Ependymal,PTN,0.164405689845584,0
GABAergic_Neuron,Ependymal,SEMA3,0.0239617572049195,0
GABAergic_Neuron,Ependymal,SEMA4,0.573383376986987,0
GABAergic_Neuron,Ependymal,SEMA6,0.109242692032511,0
GABAergic_Neuron,Ependymal,TENASCIN,0.299111419777033,0
GABAergic_Neuron,Ependymal,THBS,0.0909594156360519,0.02
GABAergic_Neuron,GABAergic_Neuron,AGRN,0.10164489267227,0
GABAergic_Neuron,GABAergic_Neuron,CADM,0.62612149296873,0
GABAergic_Neuron,GABAergic_Neuron,CDH,0.464011952470961,0
GABAergic_Neuron,GABAergic_Neuron,CNTN,0.540163622216192,0
GABAergic_Neuron,GABAergic_Neuron,COLLAGEN,0.061622239688191,0
GABAergic_Neuron,GABAergic_Neuron,EPHA,0.978143468609527,0
GABAergic_Neuron,GABAergic_Neuron,EPHB,0.69988904174867,0
GABAergic_Neuron,GABAergic_Neuron,FGF,0.0640097755695976,0
GABAergic_Neuron,GABAergic_Neuron,GDF,0.048590998938786,0
GABAergic_Neuron,GABAergic_Neuron,L1CAM,0.203105424536774,0
GABAergic_Neuron,GABAergic_Neuron,LAMININ,0.338578416241288,0
GABAergic_Neuron,GABAergic_Neuron,NCAM,1.24979654880067,0.0075
GABAergic_Neuron,GABAergic_Neuron,NECTIN,0.121389784465775,0
GABAergic_Neuron,GABAergic_Neuron,NEGR,0.470806124166719,0
GABAergic_Neuron,GABAergic_Neuron,NGL,0.461655159962448,0
GABAergic_Neuron,GABAergic_Neuron,NRG,0.900963933416692,0
GABAergic_Neuron,GABAergic_Neuron,NRXN,3.28833560120457,0
GABAergic_Neuron,GABAergic_Neuron,PTN,0.0823668860627308,0
GABAergic_Neuron,GABAergic_Neuron,RELN,0.0162960244483518,0
GABAergic_Neuron,GABAergic_Neuron,SEMA3,0.247554346733585,0
GABAergic_Neuron,GABAergic_Neuron,SEMA4,0.418757957056974,0
GABAergic_Neuron,GABAergic_Neuron,SEMA5,0.0417304656607388,0
GABAergic_Neuron,GABAergic_Neuron,SEMA6,0.705621732413717,0
GABAergic_Neuron,GABAergic_Neuron,THBS,0.0641815077060667,0
GABAergic_Neuron,GABAergic_Neuron,VISFATIN,0.116024955809596,0
GABAergic_Neuron,Glutamatergic_Neuron,AGRN,0.103801716379562,0
GABAergic_Neuron,Glutamatergic_Neuron,CADM,0.635768084433071,0
GABAergic_Neuron,Glutamatergic_Neuron,CDH,0.466372710173351,0
GABAergic_Neuron,Glutamatergic_Neuron,CNTN,0.911416096441241,0
GABAergic_Neuron,Glutamatergic_Neuron,COLLAGEN,0.0619876347698351,0
GABAergic_Neuron,Glutamatergic_Neuron,EPHA,1.13005290545481,0
GABAergic_Neuron,Glutamatergic_Neuron,EPHB,0.825879818606436,0
GABAergic_Neuron,Glutamatergic_Neuron,FGF,0.0660368524699354,0
GABAergic_Neuron,Glutamatergic_Neuron,GDF,0.0499791127293618,0
GABAergic_Neuron,Glutamatergic_Neuron,JAM,0.0877530876058163,0.02
GABAergic_Neuron,Glutamatergic_Neuron,L1CAM,0.215011226088423,0
GABAergic_Neuron,Glutamatergic_Neuron,LAMININ,0.335206095553799,0
GABAergic_Neuron,Glutamatergic_Neuron,NCAM,1.72949461600875,0
GABAergic_Neuron,Glutamatergic_Neuron,NECTIN,0.186312488979499,0
GABAergic_Neuron,Glutamatergic_Neuron,NEGR,0.458202132368557,0
GABAergic_Neuron,Glutamatergic_Neuron,NGL,0.577202875295573,0
GABAergic_Neuron,Glutamatergic_Neuron,NRG,0.282835326799827,0
GABAergic_Neuron,Glutamatergic_Neuron,NRXN,3.35758288897562,0
GABAergic_Neuron,Glutamatergic_Neuron,PTN,0.0781176083481936,0
GABAergic_Neuron,Glutamatergic_Neuron,RELN,0.0163949394027042,0
GABAergic_Neuron,Glutamatergic_Neuron,SEMA3,0.268468158394945,0
GABAergic_Neuron,Glutamatergic_Neuron,SEMA4,0.453734720705087,0
GABAergic_Neuron,Glutamatergic_Neuron,SEMA5,0.0447612478004242,0
GABAergic_Neuron,Glutamatergic_Neuron,SEMA6,0.731615088495961,0
GABAergic_Neuron,Glutamatergic_Neuron,THBS,0.0661789833647513,0
GABAergic_Neuron,Glutamatergic_Neuron,VISFATIN,0.117795830561732,0
GABAergic_Neuron,MOL,CNTN,0.29702781775763,0
GABAergic_Neuron,MOL,COLLAGEN,0.171385668599408,0
GABAergic_Neuron,MOL,EPHA,0.0891277256611901,0
GABAergic_Neuron,MOL,EPHB,0.498631733650589,0
GABAergic_Neuron,MOL,FGF,0.0642341801698861,0
GABAergic_Neuron,MOL,GAS,0.134926287775084,0
GABAergic_Neuron,MOL,GDF,0.00906015983657217,0
GABAergic_Neuron,MOL,JAM,0.182526948118279,0
GABAergic_Neuron,MOL,LAMININ,0.27139065154982,0
GABAergic_Neuron,MOL,MPZ,0.0517921237129676,0
GABAergic_Neuron,MOL,NCAM,0.917503158353665,0
GABAergic_Neuron,MOL,NECTIN,0.0450121037730207,0
GABAergic_Neuron,MOL,NRG,1.85516926188138,0
GABAergic_Neuron,MOL,NRXN,0.488003048514478,0
GABAergic_Neuron,MOL,PSAP,0.342916918479864,0
GABAergic_Neuron,MOL,SEMA4,0.441123370081416,0
GABAergic_Neuron,MOL,SEMA5,0.0705936095536857,0
GABAergic_Neuron,MOL,THBS,0.0544396950682086,0
GABAergic_Neuron,MOL,VISFATIN,0.107191773273254,0
GABAergic_Neuron,Microglia,APP,0.0431026830496967,0
GABAergic_Neuron,Microglia,COLLAGEN,0.219932427660716,0.0025
GABAergic_Neuron,Microglia,CSF,0.142243464801228,0
GABAergic_Neuron,Microglia,CX3C,0.364157796064295,0
GABAergic_Neuron,Microglia,FGF,0.0296268538083285,0
GABAergic_Neuron,Microglia,GAS,0.18912838262259,0
GABAergic_Neuron,Microglia,GDF,0.0277042818682751,0
GABAergic_Neuron,Microglia,JAM,0.366540215282786,0
GABAergic_Neuron,Microglia,LAMININ,0.241481246969788,0
GABAergic_Neuron,Microglia,NOTCH,0.384482761019747,0
GABAergic_Neuron,Microglia,PTPRM,0.216594680550512,0
GABAergic_Neuron,Microglia,SEMA3,0.0710586286568048,0
GABAergic_Neuron,Microglia,SEMA4,0.427556084555612,0
GABAergic_Neuron,Microglia,SEMA6,0.373447072496487,0
GABAergic_Neuron,Microglia,TENASCIN,0.336112082408002,0
GABAergic_Neuron,Microglia,THBS,0.0115553852534301,0
GABAergic_Neuron,Microglia,THY1,0.171610604371136,0
GABAergic_Neuron,Microglia,VISFATIN,0.104278129451969,0
GABAergic_Neuron,OPC,AGRN,0.117556007091339,0
GABAergic_Neuron,OPC,CDH,0.122970193436013,0
GABAergic_Neuron,OPC,CNTN,0.334969818333918,0
GABAergic_Neuron,OPC,COLLAGEN,0.343797959106823,0
GABAergic_Neuron,OPC,EPHA,0.651937375498456,0
GABAergic_Neuron,OPC,EPHB,0.247097680922588,0
GABAergic_Neuron,OPC,FGF,0.0498587023601768,0
GABAergic_Neuron,OPC,GAS,0.0731870581416974,0
GABAergic_Neuron,OPC,GDF,0.0438015734353126,0.00333333333333333
GABAergic_Neuron,OPC,JAM,0.193896226801342,0
GABAergic_Neuron,OPC,LAMININ,0.34649357127823,0
GABAergic_Neuron,OPC,MIF,0.0435017376648647,0
GABAergic_Neuron,OPC,MPZ,0.0391232804268762,0
GABAergic_Neuron,OPC,NCAM,0.444812264808113,0
GABAergic_Neuron,OPC,NECTIN,0.108065474725746,0
GABAergic_Neuron,OPC,NEGR,0.430348866380044,0
GABAergic_Neuron,OPC,NGL,0.0365459525445639,0
GABAergic_Neuron,OPC,NOTCH,0.311987940378923,0
GABAergic_Neuron,OPC,NRG,1.58343779305922,0
GABAergic_Neuron,OPC,NRXN,3.49597471140588,0
GABAergic_Neuron,OPC,PDGF,0.186078232518649,0
GABAergic_Neuron,OPC,PSAP,0.293684956370249,0
GABAergic_Neuron,OPC,PTN,0.48007096981145,0.00333333333333333
GABAergic_Neuron,OPC,PTPRM,0.194071255336046,0.03
GABAergic_Neuron,OPC,SEMA3,0.0625443298855198,0
GABAergic_Neuron,OPC,SEMA4,0.318165204890598,0
GABAergic_Neuron,OPC,SEMA5,0.0451629194822564,0
GABAergic_Neuron,OPC,SEMA6,0.136222567816867,0
GABAergic_Neuron,OPC,TENASCIN,0.243827271761128,0
GABAergic_Neuron,OPC,VISFATIN,0.0884119655974513,0
GABAergic_Neuron,Pericyte,AGRN,0.130374225294586,0
GABAergic_Neuron,Pericyte,CD46,0.0291396912780636,0
GABAergic_Neuron,Pericyte,CDH,0.387280960825864,0
GABAergic_Neuron,Pericyte,COLLAGEN,0.248628267830189,0
GABAergic_Neuron,Pericyte,FGF,0.0235590850091454,0
GABAergic_Neuron,Pericyte,GAS,0.133810132509096,0
GABAergic_Neuron,Pericyte,LAMININ,0.365246752489285,0
GABAergic_Neuron,Pericyte,MIF,0.0695795464836913,0
GABAergic_Neuron,Pericyte,NOTCH,0.961265231053989,0
GABAergic_Neuron,Pericyte,PDGF,0.136148596957054,0
GABAergic_Neuron,Pericyte,PTN,0.187689517394754,0
GABAergic_Neuron,Pericyte,SEMA4,0.209606489367307,0
GABAergic_Neuron,Pericyte,VEGF,0.05535906073146,0
GABAergic_Neuron,Pericyte,VISFATIN,0.114647566045451,0
GABAergic_Neuron,SMC,AGRN,0.169646101338609,0
GABAergic_Neuron,SMC,CD46,0.157612180918264,0
GABAergic_Neuron,SMC,CDH,0.0656915284759712,0
GABAergic_Neuron,SMC,COLLAGEN,0.433452913988362,0.00166666666666667
GABAergic_Neuron,SMC,FGF,0.0718496122386195,0
GABAergic_Neuron,SMC,GAS,0.254321796840631,0
GABAergic_Neuron,SMC,JAM,0.126729181135422,0
GABAergic_Neuron,SMC,LAMININ,0.564310088734122,0
GABAergic_Neuron,SMC,MIF,0.212220821975896,0
GABAergic_Neuron,SMC,NCAM,0.305284351411712,0
GABAergic_Neuron,SMC,NOTCH,1.06315801076412,0
GABAergic_Neuron,SMC,PDGF,0.125149611845305,0
GABAergic_Neuron,SMC,PTN,0.185116127070214,0
GABAergic_Neuron,SMC,SEMA4,0.229319178899962,0.004
GABAergic_Neuron,SMC,TENASCIN,0.570634879711245,0
GABAergic_Neuron,SMC,THBS,0.012794612575878,0
GABAergic_Neuron,SMC,VISFATIN,0.119779369796647,0
GABAergic_Neuron,Tanycyte,AGRN,0.115494555439117,0
GABAergic_Neuron,Tanycyte,CADM,0.399865538394183,0
GABAergic_Neuron,Tanycyte,CDH,0.342976159205088,0
GABAergic_Neuron,Tanycyte,CNTN,0.388297402958294,0
GABAergic_Neuron,Tanycyte,COLLAGEN,0.367502333725521,0
GABAergic_Neuron,Tanycyte,ENHO,0.0356143858013138,0
GABAergic_Neuron,Tanycyte,EPHA,0.121951413190432,0
GABAergic_Neuron,Tanycyte,EPHB,0.302912446393117,0
GABAergic_Neuron,Tanycyte,FGF,0.0903501127014967,0
GABAergic_Neuron,Tanycyte,GAS,0.133300449813631,0
GABAergic_Neuron,Tanycyte,GDF,0.00887552793121658,0.01
GABAergic_Neuron,Tanycyte,JAM,0.202740275719796,0
GABAergic_Neuron,Tanycyte,LAMININ,0.2682515423542,0
GABAergic_Neuron,Tanycyte,NCAM,0.276653973063542,0
GABAergic_Neuron,Tanycyte,NECTIN,0.0386055097662935,0
GABAergic_Neuron,Tanycyte,NEGR,0.420706127170403,0.01
GABAergic_Neuron,Tanycyte,NGL,0.0506786596806318,0
GABAergic_Neuron,Tanycyte,NOTCH,0.696038102485287,0
GABAergic_Neuron,Tanycyte,NRG,1.07487183790149,0
GABAergic_Neuron,Tanycyte,NRXN,0.513877154617298,0
GABAergic_Neuron,Tanycyte,PTN,0.117666256638979,0
GABAergic_Neuron,Tanycyte,SEMA3,0.0224878220426816,0
GABAergic_Neuron,Tanycyte,SEMA4,0.413338883950167,0
GABAergic_Neuron,Tanycyte,TENASCIN,0.224358579857953,0
GABAergic_Neuron,Tanycyte,THBS,0.0735725212111769,0.02
GABAergic_Neuron,Tanycyte,VEGF,0.0608419732393753,0
GABAergic_Neuron,Tanycyte,VISFATIN,0.101250567310953,0
Glutamatergic_Neuron,Astrocyte,AGRN,0.11213745904557,0
Glutamatergic_Neuron,Astrocyte,CADM,0.395710717262801,0
Glutamatergic_Neuron,Astrocyte,CNTN,0.394665982121594,0
Glutamatergic_Neuron,Astrocyte,COLLAGEN,0.378914499607437,0
Glutamatergic_Neuron,Astrocyte,ENHO,0.0356611657081049,0
Glutamatergic_Neuron,Astrocyte,FGF,0.459464671085342,0
Glutamatergic_Neuron,Astrocyte,GAS,0.186297399088136,0
Glutamatergic_Neuron,Astrocyte,GRN,0.00944502047992969,0.02
Glutamatergic_Neuron,Astrocyte,JAM,0.116363333160352,0
Glutamatergic_Neuron,Astrocyte,LAMININ,0.277251389653472,0
Glutamatergic_Neuron,Astrocyte,NCAM,0.698416018087957,0
Glutamatergic_Neuron,Astrocyte,NECTIN,0.0386236875720679,0
Glutamatergic_Neuron,Astrocyte,NEGR,0.418958601636793,0
Glutamatergic_Neuron,Astrocyte,NGL,0.0486026606428388,0
Glutamatergic_Neuron,Astrocyte,NOTCH,0.331696643855007,0
Glutamatergic_Neuron,Astrocyte,NRG,1.25020707699857,0
Glutamatergic_Neuron,Astrocyte,NRXN,0.395426023055949,0
Glutamatergic_Neuron,Astrocyte,NT,0.215865431980623,0
Glutamatergic_Neuron,Astrocyte,PACAP,0.192300298247832,0
Glutamatergic_Neuron,Astrocyte,PDGF,0.024099476706818,0
Glutamatergic_Neuron,Astrocyte,PSAP,0.459363207288517,0
Glutamatergic_Neuron,Astrocyte,PTN,0.152555333751664,0
Glutamatergic_Neuron,Astrocyte,PTPRM,0.209904709704969,0
Glutamatergic_Neuron,Astrocyte,SEMA3,0.0215766227599154,0.01
Glutamatergic_Neuron,Astrocyte,SEMA4,0.160019449942169,0
Glutamatergic_Neuron,Astrocyte,TENASCIN,0.310694756324555,0
Glutamatergic_Neuron,Astrocyte,THBS,0.0495354524305288,0
Glutamatergic_Neuron,Astrocyte,VISFATIN,0.104441291380662,0
Glutamatergic_Neuron,Endothelial,ANGPT,0.0402773221580512,0
Glutamatergic_Neuron,Endothelial,CD46,0.0350576699985306,0
Glutamatergic_Neuron,Endothelial,COLLAGEN,0.222575931567909,0
Glutamatergic_Neuron,Endothelial,EPHA,0.254853764479734,0
Glutamatergic_Neuron,Endothelial,EPHB,0.396305514382232,0
Glutamatergic_Neuron,Endothelial,FGF,0.0804596955147136,0
Glutamatergic_Neuron,Endothelial,GAS,0.0379691924950759,0
Glutamatergic_Neuron,Endothelial,GRN,0.00787416492354251,0.02
Glutamatergic_Neuron,Endothelial,JAM,0.262332806454423,0
Glutamatergic_Neuron,Endothelial,LAMININ,0.308629903796649,0
Glutamatergic_Neuron,Endothelial,MIF,0.0646157505329189,0
Glutamatergic_Neuron,Endothelial,MPZ,0.0558502024828848,0
Glutamatergic_Neuron,Endothelial,NOTCH,0.219597983102623,0
Glutamatergic_Neuron,Endothelial,PTPRM,0.278213232676274,0
Glutamatergic_Neuron,Endothelial,SEMA3,0.0645352442061939,0
Glutamatergic_Neuron,Endothelial,SEMA4,0.144804172641296,0
Glutamatergic_Neuron,Endothelial,SEMA6,0.348240221595973,0
Glutamatergic_Neuron,Endothelial,VEGF,0.928267180198493,0
Glutamatergic_Neuron,Endothelial,VISFATIN,0.161972858446193,0
Glutamatergic_Neuron,Ependymal,AGRN,0.161501012100167,0
Glutamatergic_Neuron,Ependymal,CADM,0.39586519593824,0.02
Glutamatergic_Neuron,Ependymal,CCK,0.0175771081647868,0
Glutamatergic_Neuron,Ependymal,COLLAGEN,0.224998694701868,0
Glutamatergic_Neuron,Ependymal,CX3C,0.078868274016932,0
Glutamatergic_Neuron,Ependymal,ENHO,0.0399033076629853,0.01
Glutamatergic_Neuron,Ependymal,FGF,0.290399780567306,0
Glutamatergic_Neuron,Ependymal,GRN,0.0281093175605984,0.01
Glutamatergic_Neuron,Ependymal,JAM,0.0422017409152327,0
Glutamatergic_Neuron,Ependymal,LAMININ,0.155991548908701,0
Glutamatergic_Neuron,Ependymal,MIF,0.0665100255858595,0
Glutamatergic_Neuron,Ependymal,NCAM,0.306890818529467,0
Glutamatergic_Neuron,Ependymal,NECTIN,0.0416658758795362,0.01
Glutamatergic_Neuron,Ependymal,NGL,0.223422579060368,0
Glutamatergic_Neuron,Ependymal,NOTCH,0.211341021346886,0
Glutamatergic_Neuron,Ependymal,NT,0.213652358078619,0
Glutamatergic_Neuron,Ependymal,PSAP,0.346826546676714,0
Glutamatergic_Neuron,Ependymal,PTN,0.155186820505526,0
Glutamatergic_Neuron,Ependymal,SEMA3,0.0250040314948918,0.01
Glutamatergic_Neuron,Ependymal,SEMA4,0.647688552742049,0
Glutamatergic_Neuron,Ependymal,SEMA6,0.118076948315923,0
Glutamatergic_Neuron,Ependymal,TENASCIN,0.315039981203477,0
Glutamatergic_Neuron,Ependymal,TGFb,0.0230889980995484,0
Glutamatergic_Neuron,Ependymal,THBS,0.0504957949058365,0
Glutamatergic_Neuron,GABAergic_Neuron,AGRN,0.103000291562273,0
Glutamatergic_Neuron,GABAergic_Neuron,CADM,0.635768084433071,0
Glutamatergic_Neuron,GABAergic_Neuron,CDH,0.466372710173351,0
Glutamatergic_Neuron,GABAergic_Neuron,CNTN,0.89960466244275,0
Glutamatergic_Neuron,GABAergic_Neuron,COLLAGEN,0.067038994546338,0
Glutamatergic_Neuron,GABAergic_Neuron,EPHA,0.951493634355819,0
Glutamatergic_Neuron,GABAergic_Neuron,EPHB,0.847426799362574,0
Glutamatergic_Neuron,GABAergic_Neuron,FGF,0.185917620042409,0
Glutamatergic_Neuron,GABAergic_Neuron,GDF,0.0486927141750816,0
Glutamatergic_Neuron,GABAergic_Neuron,GRN,0.0277639989524065,0
Glutamatergic_Neuron,GABAergic_Neuron,JAM,0.0877530876058163,0.02
Glutamatergic_Neuron,GABAergic_Neuron,L1CAM,0.215011226088423,0
Glutamatergic_Neuron,GABAergic_Neuron,LAMININ,0.360293742068656,0
Glutamatergic_Neuron,GABAergic_Neuron,NCAM,1.27039469742414,0.0025
Glutamatergic_Neuron,GABAergic_Neuron,NECTIN,0.202051261836132,0
Glutamatergic_Neuron,GABAergic_Neuron,NEGR,0.458202132368557,0
Glutamatergic_Neuron,GABAergic_Neuron,NGL,0.469268956221817,0
Glutamatergic_Neuron,GABAergic_Neuron,NRG,0.904373557573473,0
Glutamatergic_Neuron,GABAergic_Neuron,NRXN,2.57498424692967,0
Glutamatergic_Neuron,GABAergic_Neuron,NT,0.181313995263747,0
Glutamatergic_Neuron,GABAergic_Neuron,OPIOID,0.105592158301198,0
Glutamatergic_Neuron,GABAergic_Neuron,PACAP,0.150294191860365,0
Glutamatergic_Neuron,GABAergic_Neuron,PTN,0.0773225654471202,0
Glutamatergic_Neuron,GABAergic_Neuron,SEMA3,0.258200296171768,0
Glutamatergic_Neuron,GABAergic_Neuron,SEMA4,0.435636895769726,0
Glutamatergic_Neuron,GABAergic_Neuron,SEMA5,0.106366563756181,0
Glutamatergic_Neuron,GABAergic_Neuron,SEMA6,0.713184794061466,0
Glutamatergic_Neuron,GABAergic_Neuron,THBS,0.0597425469560648,0
Glutamatergic_Neuron,GABAergic_Neuron,VISFATIN,0.116008321730834,0
Glutamatergic_Neuron,Glutamatergic_Neuron,AGRN,0.105182508378393,0
Glutamatergic_Neuron,Glutamatergic_Neuron,CADM,0.6456002043609,0
Glutamatergic_Neuron,Glutamatergic_Neuron,CDH,0.468743516740199,0
Glutamatergic_Neuron,Glutamatergic_Neuron,CNTN,0.955437190967584,0
Glutamatergic_Neuron,Glutamatergic_Neuron,COLLAGEN,0.0674350722694556,0
Glutamatergic_Neuron,Glutamatergic_Neuron,EPHA,1.09960185167789,0
Glutamatergic_Neuron,Glutamatergic_Neuron,EPHB,1.01171702185027,0
Glutamatergic_Neuron,Glutamatergic_Neuron,FGF,0.191584348145829,0
Glutamatergic_Neuron,Glutamatergic_Neuron,GDF,0.0500836570082055,0
Glutamatergic_Neuron,Glutamatergic_Neuron,GRN,0.0302833131570724,0
Glutamatergic_Neuron,Glutamatergic_Neuron,L1CAM,0.227415765634138,0
Glutamatergic_Neuron,Glutamatergic_Neuron,LAMININ,0.356613480989843,0
Glutamatergic_Neuron,Glutamatergic_Neuron,NCAM,1.75170087958271,0
Glutamatergic_Neuron,Glutamatergic_Neuron,NECTIN,0.216590918683822,0
Glutamatergic_Neuron,Glutamatergic_Neuron,NEGR,0.445651408596972,0
Glutamatergic_Neuron,Glutamatergic_Neuron,NGL,0.585275211685776,0
Glutamatergic_Neuron,Glutamatergic_Neuron,NRG,0.263361449616484,0.02
Glutamatergic_Neuron,Glutamatergic_Neuron,NRXN,2.63566864248749,0
Glutamatergic_Neuron,Glutamatergic_Neuron,NT,0.178767252642567,0
Glutamatergic_Neuron,Glutamatergic_Neuron,OPIOID,0.113059968672141,0
Glutamatergic_Neuron,Glutamatergic_Neuron,PACAP,0.139852721003577,0
Glutamatergic_Neuron,Glutamatergic_Neuron,PTN,0.0733127313951567,0
Glutamatergic_Neuron,Glutamatergic_Neuron,SEMA3,0.279977978477349,0
Glutamatergic_Neuron,Glutamatergic_Neuron,SEMA4,0.470925978924188,0
Glutamatergic_Neuron,Glutamatergic_Neuron,SEMA5,0.113658466979614,0
Glutamatergic_Neuron,Glutamatergic_Neuron,SEMA6,0.739592187975525,0
Glutamatergic_Neuron,Glutamatergic_Neuron,THBS,0.0616093606872252,0
Glutamatergic_Neuron,Glutamatergic_Neuron,VISFATIN,0.117778976426014,0
Glutamatergic_Neuron,MOL,CNTN,0.316891121291892,0
Glutamatergic_Neuron,MOL,COLLAGEN,0.185287497417273,0
Glutamatergic_Neuron,MOL,EPHA,0.0862606173801734,0
Glutamatergic_Neuron,MOL,EPHB,0.611038817322114,0
Glutamatergic_Neuron,MOL,FGF,0.176123815447382,0
Glutamatergic_Neuron,MOL,GAS,0.145175109568792,0
Glutamatergic_Neuron,MOL,GDF,0.00907928391001992,0
Glutamatergic_Neuron,MOL,GRN,0.050073243172452,0
Glutamatergic_Neuron,MOL,JAM,0.183134866744899,0
Glutamatergic_Neuron,MOL,LAMININ,0.287991644515752,0
Glutamatergic_Neuron,MOL,MPZ,0.0528350462347187,0
Glutamatergic_Neuron,MOL,NCAM,0.919606971379547,0
Glutamatergic_Neuron,MOL,NECTIN,0.0830581350584802,0
Glutamatergic_Neuron,MOL,NRG,1.84668971597952,0
Glutamatergic_Neuron,MOL,NT,0.0349903052340548,0
Glutamatergic_Neuron,MOL,PSAP,0.359448848067705,0
Glutamatergic_Neuron,MOL,SEMA4,0.443282943324665,0
Glutamatergic_Neuron,MOL,SEMA5,0.168032319589372,0
Glutamatergic_Neuron,MOL,THBS,0.0507232538983634,0
Glutamatergic_Neuron,MOL,VISFATIN,0.107176252035406,0
Glutamatergic_Neuron,Microglia,APP,0.0468506094511675,0
Glutamatergic_Neuron,Microglia,COLLAGEN,0.238125811791729,0
Glutamatergic_Neuron,Microglia,CSF,0.144369583512211,0
Glutamatergic_Neuron,Microglia,CX3C,0.383806089923907,0
Glutamatergic_Neuron,Microglia,FGF,0.0868273943250087,0
Glutamatergic_Neuron,Microglia,GAS,0.202530426676897,0
Glutamatergic_Neuron,Microglia,GDF,0.0277616572089836,0
Glutamatergic_Neuron,Microglia,GRN,0.0285101445202923,0.01
Glutamatergic_Neuron,Microglia,JAM,0.367806140035153,0
Glutamatergic_Neuron,Microglia,LAMININ,0.256562136591714,0
Glutamatergic_Neuron,Microglia,NOTCH,0.201011113083092,0
Glutamatergic_Neuron,Microglia,PTPRM,0.219988951449092,0
Glutamatergic_Neuron,Microglia,SEMA3,0.0741040523586702,0
Glutamatergic_Neuron,Microglia,SEMA4,0.484978039711867,0
Glutamatergic_Neuron,Microglia,SEMA6,0.376307555222278,0
Glutamatergic_Neuron,Microglia,TENASCIN,0.356324336072876,0
Glutamatergic_Neuron,Microglia,TGFb,0.134223737872145,0
Glutamatergic_Neuron,Microglia,THBS,0.0107333005721415,0
Glutamatergic_Neuron,Microglia,THY1,0.2364382534162,0
Glutamatergic_Neuron,Microglia,VISFATIN,0.104262980837237,0
Glutamatergic_Neuron,OPC,AGRN,0.119095447715194,0
Glutamatergic_Neuron,OPC,CDH,0.123017551706567,0
Glutamatergic_Neuron,OPC,CNTN,0.346779455162091,0
Glutamatergic_Neuron,OPC,COLLAGEN,0.371664474564001,0
Glutamatergic_Neuron,OPC,EPHA,0.634496644044991,0
Glutamatergic_Neuron,OPC,EPHB,0.379597854620256,0
Glutamatergic_Neuron,OPC,FGF,0.14707072299448,0
Glutamatergic_Neuron,OPC,GAS,0.0791754661556417,0
Glutamatergic_Neuron,OPC,GDF,0.0438932586934917,0
Glutamatergic_Neuron,OPC,JAM,0.194609858644331,0
Glutamatergic_Neuron,OPC,LAMININ,0.368257780513574,0
Glutamatergic_Neuron,OPC,MIF,0.046239874586924,0
Glutamatergic_Neuron,OPC,MPZ,0.0399218349274325,0
Glutamatergic_Neuron,OPC,NCAM,0.445858545252329,0
Glutamatergic_Neuron,OPC,NECTIN,0.125395977096258,0
Glutamatergic_Neuron,OPC,NGL,0.0377160578460083,0
Glutamatergic_Neuron,OPC,NOTCH,0.167034975742793,0
Glutamatergic_Neuron,OPC,NRG,1.57816543569113,0
Glutamatergic_Neuron,OPC,NRXN,2.75987429991655,0
Glutamatergic_Neuron,OPC,NT,0.177326481318515,0
Glutamatergic_Neuron,OPC,OPIOID,0.0155619268118467,0
Glutamatergic_Neuron,OPC,PACAP,0.164495784336418,0
Glutamatergic_Neuron,OPC,PDGF,0.248122308056441,0
Glutamatergic_Neuron,OPC,PSAP,0.308959423487296,0
Glutamatergic_Neuron,OPC,PTN,0.241999422923977,0
Glutamatergic_Neuron,OPC,PTPRM,0.197201409849537,0.01
Glutamatergic_Neuron,OPC,SEMA3,0.0652706534320393,0.00333333333333333
Glutamatergic_Neuron,OPC,SEMA4,0.332713337838023,0
Glutamatergic_Neuron,OPC,SEMA5,0.114863856982838,0
Glutamatergic_Neuron,OPC,SEMA6,0.147787512576948,0
Glutamatergic_Neuron,OPC,TENASCIN,0.257895063736113,0
Glutamatergic_Neuron,OPC,VISFATIN,0.0883988944096514,0
Glutamatergic_Neuron,Pericyte,AGRN,0.132056405450008,0
Glutamatergic_Neuron,Pericyte,CD46,0.0298585530178414,0
Glutamatergic_Neuron,Pericyte,CDH,0.389702398436889,0
Glutamatergic_Neuron,Pericyte,COLLAGEN,0.26765895603542,0
Glutamatergic_Neuron,Pericyte,FGF,0.0715863661330234,0
Glutamatergic_Neuron,Pericyte,GAS,0.144684791859685,0
Glutamatergic_Neuron,Pericyte,GRN,0.0306139565290872,0
Glutamatergic_Neuron,Pericyte,LAMININ,0.387674686814152,0
Glutamatergic_Neuron,Pericyte,MIF,0.0738324014454251,0
Glutamatergic_Neuron,Pericyte,NOTCH,0.543251134027101,0
Glutamatergic_Neuron,Pericyte,PDGF,0.141100502244687,0
Glutamatergic_Neuron,Pericyte,PTN,0.177442286251609,0
Glutamatergic_Neuron,Pericyte,SEMA4,0.230689045426165,0
Glutamatergic_Neuron,Pericyte,VEGF,0.0829113711445677,0
Glutamatergic_Neuron,Pericyte,VISFATIN,0.114631103830614,0
Glutamatergic_Neuron,SMC,AGRN,0.171734928436855,0
Glutamatergic_Neuron,SMC,CD46,0.160974896202585,0
Glutamatergic_Neuron,SMC,CDH,0.0657184805506791,0
Glutamatergic_Neuron,SMC,COLLAGEN,0.468000965865903,0
Glutamatergic_Neuron,SMC,FGF,0.207955923201727,0
Glutamatergic_Neuron,SMC,GAS,0.273727390747013,0
Glutamatergic_Neuron,SMC,GRN,0.0426141473962064,0
Glutamatergic_Neuron,SMC,JAM,0.127180173646474,0
Glutamatergic_Neuron,SMC,LAMININ,0.59831508328684,0
Glutamatergic_Neuron,SMC,MIF,0.223101641106484,0
Glutamatergic_Neuron,SMC,NCAM,0.306183434693372,0
Glutamatergic_Neuron,SMC,NOTCH,0.593531164655723,0
Glutamatergic_Neuron,SMC,PDGF,0.129855574537238,0
Glutamatergic_Neuron,SMC,PTN,0.174979129885916,0.02
Glutamatergic_Neuron,SMC,SEMA4,0.252457527118131,0.002
Glutamatergic_Neuron,SMC,TENASCIN,0.604329191553784,0
Glutamatergic_Neuron,SMC,THBS,0.0118854256517914,0
Glutamatergic_Neuron,SMC,VISFATIN,0.119762270384953,0
Glutamatergic_Neuron,Tanycyte,AGRN,0.117010580126283,0
Glutamatergic_Neuron,Tanycyte,CADM,0.402015239599492,0
Glutamatergic_Neuron,Tanycyte,CDH,0.345447962400539,0
Glutamatergic_Neuron,Tanycyte,CNTN,0.400853893005215,0
Glutamatergic_Neuron,Tanycyte,COLLAGEN,0.398566752248744,0
Glutamatergic_Neuron,Tanycyte,ENHO,0.0358764669387577,0
Glutamatergic_Neuron,Tanycyte,EPHA,0.119643847268094,0
Glutamatergic_Neuron,Tanycyte,EPHB,0.371198569119634,0
Glutamatergic_Neuron,Tanycyte,FGF,0.260688988386957,0
Glutamatergic_Neuron,Tanycyte,GAS,0.14407504427879,0
Glutamatergic_Neuron,Tanycyte,GDF,0.00889426578387369,0.01
Glutamatergic_Neuron,Tanycyte,GRN,0.0292336809093695,0
Glutamatergic_Neuron,Tanycyte,JAM,0.203482772052098,0
Glutamatergic_Neuron,Tanycyte,LAMININ,0.285797385389592,0
Glutamatergic_Neuron,Tanycyte,NCAM,0.277502418705315,0
Glutamatergic_Neuron,Tanycyte,NECTIN,0.0458413404486865,0
Glutamatergic_Neuron,Tanycyte,NGL,0.0522767050259682,0
Glutamatergic_Neuron,Tanycyte,NOTCH,0.377414405777911,0
Glutamatergic_Neuron,Tanycyte,NRG,1.07847662307044,0
Glutamatergic_Neuron,Tanycyte,NT,0.243731086697621,0
Glutamatergic_Neuron,Tanycyte,PTN,0.11072097080644,0
Glutamatergic_Neuron,Tanycyte,SEMA3,0.02346752547127,0.01
Glutamatergic_Neuron,Tanycyte,SEMA4,0.472260824334633,0
Glutamatergic_Neuron,Tanycyte,TENASCIN,0.237656138913663,0
Glutamatergic_Neuron,Tanycyte,THBS,0.0347918080958078,0
Glutamatergic_Neuron,Tanycyte,VEGF,0.0910634388732397,0
Glutamatergic_Neuron,Tanycyte,VISFATIN,0.101235808805121,0
MOL,Astrocyte,EGF,0.226578575560579,0
MOL,Astrocyte,FGF,0.841780141948755,0
MOL,Astrocyte,JAM,0.234106862948195,0
MOL,Astrocyte,LAMININ,0.591294368871953,0
MOL,Astrocyte,MPZ,0.0809733951893278,0
MOL,Astrocyte,NCAM,1.16893564292596,0
MOL,Astrocyte,NECTIN,0.0557949467804497,0
MOL,Astrocyte,NGL,0.0146427240481291,0
MOL,Astrocyte,PDGF,0.0167559208392908,0
MOL,Astrocyte,PSAP,0.492877480737547,0
MOL,Astrocyte,PTN,1.36872646381687,0
MOL,Astrocyte,SEMA4,0.0910092201137687,0
MOL,Astrocyte,VISFATIN,0.0573503544806328,0
MOL,Astrocyte,WNT,0.0273560215291055,0
MOL,Endothelial,EPHB,0.357757951769642,0
MOL,Endothelial,FGF,0.192233623892019,0
MOL,Endothelial,JAM,0.516542936669324,0
MOL,Endothelial,LAMININ,0.705300267578299,0
MOL,Endothelial,MIF,0.0528335807723927,0
MOL,Endothelial,MPZ,0.301042288556731,0
MOL,Endothelial,PTN,0.267910178715725,0
MOL,Endothelial,SEMA6,0.339547152374578,0
MOL,Endothelial,SEMA7,0.081304688103015,0
MOL,Endothelial,VEGF,0.116286126983302,0
MOL,Endothelial,VISFATIN,0.0915949113694283,0
MOL,Endothelial,WNT,0.0833705762455798,0
MOL,Ependymal,FGF,0.658681876133104,0
MOL,Ependymal,GRN,0.0286497390302838,0.01
MOL,Ependymal,JAM,0.19516936551998,0.005
MOL,Ependymal,LAMININ,0.325596542611039,0
MOL,Ependymal,MIF,0.0544025388226916,0
MOL,Ependymal,MPZ,0.0857181911773263,0
MOL,Ependymal,NCAM,0.766826612632513,0.015
MOL,Ependymal,NECTIN,0.0601050689448644,0
MOL,Ependymal,NGL,0.248423266929245,0
MOL,Ependymal,PSAP,0.370961818213502,0
MOL,Ependymal,PTN,1.47179152476256,0
MOL,Ependymal,SEMA4,0.453296523500581,0
MOL,Ependymal,SEMA6,0.279604629137646,0
MOL,Ependymal,SEMA7,0.0172347936417587,0
MOL,Ependymal,WNT,0.0565619572039517,0
MOL,GABAergic_Neuron,CNTN,1.13115478874523,0
MOL,GABAergic_Neuron,EPHB,0.777945375128486,0
MOL,GABAergic_Neuron,FGF,0.43267873953343,0
MOL,GABAergic_Neuron,GRN,0.0282979747318424,0
MOL,GABAergic_Neuron,JAM,0.182526948118279,0
MOL,GABAergic_Neuron,LAMININ,0.767009075183354,0
MOL,GABAergic_Neuron,MPZ,0.0517921237129676,0
MOL,GABAergic_Neuron,NCAM,1.78306863883334,0
MOL,GABAergic_Neuron,NECTIN,0.240592679251152,0
MOL,GABAergic_Neuron,NGL,0.486947440648951,0
MOL,GABAergic_Neuron,NRXN,0.462095755787637,0
MOL,GABAergic_Neuron,PTN,1.4163226805195,0
MOL,GABAergic_Neuron,SEMA4,0.104558288416228,0
MOL,GABAergic_Neuron,SEMA6,0.768113000981461,0
MOL,GABAergic_Neuron,SEMA7,0.060256160380277,0
MOL,GABAergic_Neuron,VISFATIN,0.064075141808243,0
MOL,GABAergic_Neuron,WNT,0.0525311142329422,0
MOL,Glutamatergic_Neuron,CNTN,1.19875734437684,0
MOL,Glutamatergic_Neuron,EPHB,0.863868796871519,0
MOL,Glutamatergic_Neuron,FGF,0.444706080784328,0
MOL,Glutamatergic_Neuron,GRN,0.0308642038974163,0
MOL,Glutamatergic_Neuron,JAM,0.183134866744899,0
MOL,Glutamatergic_Neuron,LAMININ,0.7581176228483,0
MOL,Glutamatergic_Neuron,MPZ,0.0528350462347187,0
MOL,Glutamatergic_Neuron,NCAM,1.85108874266151,0
MOL,Glutamatergic_Neuron,NECTIN,0.285584264101064,0
MOL,Glutamatergic_Neuron,NGL,0.601513414570091,0
MOL,Glutamatergic_Neuron,NRXN,0.874610414847412,0
MOL,Glutamatergic_Neuron,PTN,1.45832682649098,0
MOL,Glutamatergic_Neuron,SEMA4,0.103968800073757,0
MOL,Glutamatergic_Neuron,SEMA6,0.793459118194818,0
MOL,Glutamatergic_Neuron,SEMA7,0.0574880316780161,0
MOL,Glutamatergic_Neuron,VISFATIN,0.0651115162983586,0
MOL,Glutamatergic_Neuron,WNT,0.0487865027845964,0
MOL,MOL,CLDN,0.514533113889331,0
MOL,MOL,CNTN,0.705655466402821,0
MOL,MOL,EPHB,0.497792373456761,0
MOL,MOL,FGF,0.367658059360527,0
MOL,MOL,GRN,0.0510137718929378,0
MOL,MOL,JAM,0.342271574376391,0
MOL,MOL,LAMININ,0.657474685401015,0.002
MOL,MOL,MAG,0.487935793319431,0
MOL,MOL,MPZ,0.288839628712502,0
MOL,MOL,NCAM,0.963594404845372,0
MOL,MOL,NECTIN,0.0952329216369837,0
MOL,MOL,PSAP,0.383946169933878,0
MOL,MOL,PTN,0.278729994802454,0
MOL,MOL,SEMA4,0.38198922728913,0
MOL,MOL,VISFATIN,0.0589333133220541,0
MOL,MOL,WNT,0.0226311390077811,0
MOL,Microglia,APP,0.0561903811297033,0
MOL,Microglia,CSF,0.291270988715663,0
MOL,Microglia,FGF,0.205470653787908,0
MOL,Microglia,GRN,0.0290580417681753,0.03
MOL,Microglia,JAM,0.711872850443952,0
MOL,Microglia,LAMININ,0.540818946693387,0
MOL,Microglia,PTN,0.384038559583365,0
MOL,Microglia,SEMA4,0.230050919849627,0
MOL,Microglia,SEMA6,0.361171236286256,0
MOL,Microglia,VISFATIN,0.0572473020694144,0
MOL,OPC,CNTN,0.0848430918054048,0
MOL,OPC,EPHB,0.480827374754291,0
MOL,OPC,FGF,0.291050352512287,0
MOL,OPC,JAM,0.400259621753067,0
MOL,OPC,LAMININ,0.777725046248628,0
MOL,OPC,MIF,0.0376734478129236,0
MOL,OPC,MPZ,0.232398152705283,0
MOL,OPC,NCAM,0.91018104179738,0
MOL,OPC,NECTIN,0.160380495324435,0
MOL,OPC,NGL,0.0112727428372715,0
MOL,OPC,NRXN,0.915584742556806,0
MOL,OPC,PDGF,0.174105095569871,0
MOL,OPC,PSAP,0.331798154372442,0
MOL,OPC,PTN,1.54584361669993,0
MOL,OPC,SEMA4,0.28746893603926,0
MOL,OPC,SEMA6,0.375576093175805,0
MOL,OPC,SEMA7,0.0137446021004423,0
MOL,OPC,WNT,0.0779598759402119,0
MOL,Pericyte,EGF,0.0885320199488393,0
MOL,Pericyte,FGF,0.0906764696859271,0.02
MOL,Pericyte,GRN,0.0312009855616734,0
MOL,Pericyte,JAM,0.104354847206296,0.01
MOL,Pericyte,LAMININ,0.813468045117957,0
MOL,Pericyte,MIF,0.0604783084472294,0
MOL,Pericyte,PDGF,0.095466530931592,0
MOL,Pericyte,PTN,0.725016006961594,0
MOL,Pericyte,SEMA4,0.184684682031247,0
MOL,Pericyte,SEMA7,0.0990566330455633,0
MOL,Pericyte,VEGF,0.0170618769078213,0
MOL,Pericyte,VISFATIN,0.0632703322876367,0
MOL,Pericyte,WNT,0.0337696832902659,0
MOL,SMC,FGF,0.479768943327393,0
MOL,SMC,GRN,0.0434209756318964,0
MOL,SMC,JAM,0.252738307747175,0
MOL,SMC,LAMININ,1.24815336424646,0
MOL,SMC,MIF,0.188236378532306,0
MOL,SMC,NCAM,0.325253492269544,0
MOL,SMC,PDGF,0.0880942337853474,0
MOL,SMC,PTN,0.845114368973404,0
MOL,SMC,SEMA4,0.201156902510762,0
MOL,SMC,SEMA7,0.104143493497483,0
MOL,SMC,VISFATIN,0.0662745608040237,0
MOL,SMC,WNT,0.020294530996541,0
MOL,Tanycyte,EPHB,0.313088767279667,0
MOL,Tanycyte,FGF,0.599968169770354,0
MOL,Tanycyte,GRN,0.0297950563598509,0.01
MOL,Tanycyte,JAM,0.416336892537787,0
MOL,Tanycyte,LAMININ,0.593114303495817,0
MOL,Tanycyte,MPZ,0.077477088737729,0
MOL,Tanycyte,NCAM,0.295547067039112,0
MOL,Tanycyte,NECTIN,0.0660011187927729,0
MOL,Tanycyte,NGL,0.0157922306377118,0
MOL,Tanycyte,PTN,1.34171348215843,0
MOL,Tanycyte,SEMA4,0.332566548264638,0
MOL,Tanycyte,SEMA7,0.0711757563533436,0
MOL,Tanycyte,VEGF,0.0187875124284694,0
MOL,Tanycyte,VISFATIN,0.0555006037060877,0
MOL,Tanycyte,WNT,0.0857399495658189,0
Microglia,Astrocyte,CD39,0.107689372384364,0
Microglia,Astrocyte,EGF,0.0619052375738524,0
Microglia,Astrocyte,GAS,0.0912683194901864,0
Microglia,Astrocyte,GRN,0.0877218422120478,0
Microglia,Astrocyte,JAM,0.311558693475202,0
Microglia,Astrocyte,NGL,0.0166681279300399,0
Microglia,Astrocyte,PDGF,0.0122082261789498,0
Microglia,Astrocyte,PROS,0.0768398145105914,0
Microglia,Astrocyte,PSAP,0.501914645255756,0
Microglia,Astrocyte,PTPRM,0.2962483823023,0
Microglia,Astrocyte,SEMA4,0.0652804317134476,0
Microglia,Astrocyte,VCAM,0.0741607621771139,0
Microglia,Astrocyte,VISTA,0.278860530797912,0
Microglia,Endothelial,GAS,0.0176080122064446,0.01
Microglia,Endothelial,GRN,0.0741062834094291,0
Microglia,Endothelial,JAM,0.654786067058882,0
Microglia,Endothelial,PTPRM,0.379170793712898,0
Microglia,Ependymal,GRN,0.225807350584668,0
Microglia,Ependymal,JAM,0.20878671497691,0
Microglia,Ependymal,PSAP,0.377425666587916,0
Microglia,Ependymal,PTPRM,0.260271038783222,0
Microglia,Ependymal,SEMA4,0.341654218122315,0
Microglia,Ependymal,TGFb,0.140798113910198,0
Microglia,Ependymal,TNF,0.0479335866201435,0
Microglia,Ependymal,VISTA,0.286189819899268,0
Microglia,GABAergic_Neuron,GRN,0.223592083925531,0
Microglia,GABAergic_Neuron,JAM,0.239690986637273,0
Microglia,GABAergic_Neuron,PTPRM,0.216594680550512,0
Microglia,GABAergic_Neuron,SEMA4,0.0741213718617221,0.02
Microglia,Glutamatergic_Neuron,CD39,0.0631931768028616,0
Microglia,Glutamatergic_Neuron,GRN,0.239503509256006,0
Microglia,Glutamatergic_Neuron,JAM,0.240575655128786,0
Microglia,Glutamatergic_Neuron,KIT,0.0142374096237868,0
Microglia,Glutamatergic_Neuron,PTPRM,0.219988951449092,0
Microglia,Glutamatergic_Neuron,SEMA4,0.0411123010787319,0
Microglia,MOL,CD39,0.346114449557663,0
Microglia,MOL,GAS,0.0716030996062447,0
Microglia,MOL,GRN,0.347081112275855,0
Microglia,MOL,JAM,0.474545101800641,0
Microglia,MOL,PROS,0.29588803631727,0
Microglia,MOL,PSAP,0.39049581503846,0
Microglia,MOL,SEMA4,0.288544698835022,0
Microglia,MOL,VISTA,0.355164611947465,0
Microglia,Microglia,APP,0.0266064649487719,0
Microglia,Microglia,CCL,0.562643076151784,0
Microglia,Microglia,CSF,0.118331330575428,0
Microglia,Microglia,GALECTIN,0.497875055802376,0
Microglia,Microglia,GAS,0.103408003058941,0
Microglia,Microglia,GRN,0.228364866947629,0
Microglia,Microglia,ICAM,0.194164309547063,0
Microglia,Microglia,JAM,0.57403827702159,0
Microglia,Microglia,PTPRM,0.308859188082459,0
Microglia,Microglia,SEMA4,0.172472603357106,0
Microglia,Microglia,TGFb,0.663997943635285,0
Microglia,Microglia,TNF,0.25164408931866,0
Microglia,OPC,CD39,0.288751076521258,0
Microglia,OPC,GAS,0.037580395464998,0.01
Microglia,OPC,JAM,0.531170847704511,0
Microglia,OPC,KIT,0.0141006279789021,0
Microglia,OPC,NGL,0.0128380790713055,0
Microglia,OPC,PDGF,0.0946276729545126,0
Microglia,OPC,PSAP,0.33794621266948,0
Microglia,OPC,PTPRM,0.280172599607699,0
Microglia,OPC,SEMA4,0.207990047762629,0
Microglia,Pericyte,CD39,0.292387995003322,0
Microglia,Pericyte,EGF,0.0214110180647283,0
Microglia,Pericyte,GAS,0.0689340256077893,0
Microglia,Pericyte,GRN,0.241549477116776,0
Microglia,Pericyte,JAM,0.144841755179288,0
Microglia,Pericyte,PDGF,0.0688611041725597,0
Microglia,Pericyte,PROS,0.221288608649848,0
Microglia,Pericyte,PTPRM,0.245263320726667,0
Microglia,Pericyte,SEMA4,0.132529183773299,0
Microglia,SMC,GAS,0.134721213239167,0
Microglia,SMC,GRN,0.309808117831255,0
Microglia,SMC,JAM,0.350796692501065,0
Microglia,SMC,PDGF,0.0636051250979566,0
Microglia,SMC,PROS,0.238521596530176,0
Microglia,SMC,SEMA4,0.144720130185601,0
Microglia,Tanycyte,GALECTIN,0.132949250905506,0
Microglia,Tanycyte,GAS,0.0688426260072391,0
Microglia,Tanycyte,GRN,0.232944202903488,0
Microglia,Tanycyte,JAM,0.497323671020822,0
Microglia,Tanycyte,NGL,0.0179737357015208,0
Microglia,Tanycyte,PROS,0.0841109254785046,0
Microglia,Tanycyte,PTPRM,0.241074047675445,0
Microglia,Tanycyte,SEMA4,0.24684427403521,0
Microglia,Tanycyte,VCAM,0.0698969904217338,0
Microglia,Tanycyte,VISTA,0.0874174795987078,0
OPC,Astrocyte,AGRN,0.121003959085455,0
OPC,Astrocyte,BMP,0.241373986132609,0
OPC,Astrocyte,CD39,0.0445654474924783,0
OPC,Astrocyte,CNTN,0.426203155986951,0
OPC,Astrocyte,COLLAGEN,0.297857238508701,0
OPC,Astrocyte,EGF,0.216748393515316,0
OPC,Astrocyte,ENHO,0.0460985014553318,0
OPC,Astrocyte,GAS,0.0715465537564234,0
OPC,Astrocyte,JAM,0.335846024169231,0
OPC,Astrocyte,LAMININ,0.461247508545019,0
OPC,Astrocyte,MPZ,0.0616304851054215,0
OPC,Astrocyte,NCAM,0.24236616850026,0
OPC,Astrocyte,NECTIN,0.0398971961288634,0
OPC,Astrocyte,NGL,0.0547815101617035,0
OPC,Astrocyte,NOTCH,0.090892629343844,0
OPC,Astrocyte,NRG,0.707194333057196,0
OPC,Astrocyte,NRXN,1.41049917673681,0
OPC,Astrocyte,PSAP,0.39544387225634,0
OPC,Astrocyte,PTN,1.27008801414658,0
OPC,Astrocyte,PTPRM,0.268278421767263,0
OPC,Astrocyte,SEMA3,0.141047645535158,0
OPC,Astrocyte,TENASCIN,0.394874204185414,0
OPC,Astrocyte,VCAM,0.0698161914940615,0
OPC,Astrocyte,VISTA,0.0447619368504945,0
OPC,Astrocyte,WNT,0.0547344362469923,0
OPC,Endothelial,ANGPTL,0.0578902232324769,0
OPC,Endothelial,BMP,0.126195800474168,0
OPC,Endothelial,CD46,0.0119718227789333,0
OPC,Endothelial,COLLAGEN,0.176933436594414,0
OPC,Endothelial,EPHB,0.0104616652673665,0
OPC,Endothelial,JAM,0.655466053998804,0
OPC,Endothelial,LAMININ,0.528956768717923,0
OPC,Endothelial,MIF,0.0408992272732136,0
OPC,Endothelial,MPZ,0.243031193529911,0
OPC,Endothelial,NOTCH,0.0603546228773227,0
OPC,Endothelial,PTN,0.246090336519751,0
OPC,Endothelial,PTPRM,0.3472346886141,0
OPC,Endothelial,SEMA3,0.307653889473164,0
OPC,Endothelial,SEMA6,0.332246536666244,0
OPC,Endothelial,VEGF,0.466790182621093,0
OPC,Endothelial,WNT,0.167044567543889,0
OPC,Ependymal,ACTIVIN,0.0131275269645471,0
OPC,Ependymal,AGRN,0.173507847935386,0
OPC,Ependymal,BMP,0.182882477368442,0
OPC,Ependymal,COLLAGEN,0.179035648237216,0
OPC,Ependymal,CX3C,0.0155713971488831,0.03
OPC,Ependymal,ENHO,0.0515159094795093,0.01
OPC,Ependymal,JAM,0.14625422906466,0
OPC,Ependymal,LAMININ,0.259485723655526,0
OPC,Ependymal,MIF,0.0421295438335855,0
OPC,Ependymal,MPZ,0.0653224072413615,0
OPC,Ependymal,NCAM,0.2910866562047,0
OPC,Ependymal,NECTIN,0.0430352019360086,0.01
OPC,Ependymal,NGL,0.227247643350273,0
OPC,Ependymal,NOTCH,0.0578922117766986,0
OPC,Ependymal,PSAP,0.300143609916108,0
OPC,Ependymal,PTN,1.36793259150476,0
OPC,Ependymal,PTPRM,0.234565673259025,0.01
OPC,Ependymal,SEMA3,0.160342765625158,0
OPC,Ependymal,SEMA4,0.0541903353751646,0
OPC,Ependymal,SEMA6,0.22146301926036,0
OPC,Ependymal,TENASCIN,0.399714033719855,0
OPC,Ependymal,VISTA,0.0463337371056413,0
OPC,Ependymal,WNT,0.113414642686746,0
OPC,GABAergic_Neuron,ACTIVIN,0.063348283140879,0
OPC,GABAergic_Neuron,AGRN,0.111234845214733,0
OPC,GABAergic_Neuron,BMP,0.556038176789756,0
OPC,GABAergic_Neuron,CDH,0.122970193436013,0
OPC,GABAergic_Neuron,CNTN,0.541326402929449,0
OPC,GABAergic_Neuron,COLLAGEN,0.0500509278496076,0
OPC,GABAergic_Neuron,CSPG4,0.11234390614873,0
OPC,GABAergic_Neuron,ENHO,0.0297315465630991,0
OPC,GABAergic_Neuron,EPHB,0.00567893557082731,0
OPC,GABAergic_Neuron,GDF,0.0585158782435794,0
OPC,GABAergic_Neuron,JAM,0.254071697361668,0
OPC,GABAergic_Neuron,LAMININ,0.599540751129083,0
OPC,GABAergic_Neuron,MPZ,0.0391232804268762,0
OPC,GABAergic_Neuron,NCAM,0.607542463511132,0
OPC,GABAergic_Neuron,NECTIN,0.254078186588539,0
OPC,GABAergic_Neuron,NEGR,0.430348866380044,0
OPC,GABAergic_Neuron,NGL,0.507485690026415,0
OPC,GABAergic_Neuron,NRXN,3.30322483959051,0
OPC,GABAergic_Neuron,PTN,1.30413179981251,0
OPC,GABAergic_Neuron,PTPRM,0.194071255336046,0.03
OPC,GABAergic_Neuron,SEMA3,1.56448394750874,0
OPC,GABAergic_Neuron,SEMA5,0.382652073754162,0
OPC,GABAergic_Neuron,SEMA6,0.760432927021627,0
OPC,GABAergic_Neuron,WNT,0.105427044665274,0
OPC,Glutamatergic_Neuron,ACTIVIN,0.0659038179913268,0
OPC,Glutamatergic_Neuron,AGRN,0.113569434868466,0
OPC,Glutamatergic_Neuron,BMP,0.570936910390799,0
OPC,Glutamatergic_Neuron,CD39,0.0254087442537365,0
OPC,Glutamatergic_Neuron,CDH,0.123017551706567,0
OPC,Glutamatergic_Neuron,CNTN,0.574027655862219,0
OPC,Glutamatergic_Neuron,COLLAGEN,0.0503546100772442,0
OPC,Glutamatergic_Neuron,CSPG4,0.112958874559973,0
OPC,Glutamatergic_Neuron,ENHO,0.0295952151819871,0
OPC,Glutamatergic_Neuron,GDF,0.0601785427451836,0
OPC,Glutamatergic_Neuron,JAM,0.255134199955689,0
OPC,Glutamatergic_Neuron,LAMININ,0.593412664811014,0
OPC,Glutamatergic_Neuron,MPZ,0.0399218349274325,0
OPC,Glutamatergic_Neuron,NCAM,0.855570411649762,0.0133333333333333
OPC,Glutamatergic_Neuron,NECTIN,0.276925550186594,0
OPC,Glutamatergic_Neuron,NGL,0.630378439903755,0
OPC,Glutamatergic_Neuron,NRXN,3.37307331674054,0
OPC,Glutamatergic_Neuron,PTN,1.34452700556476,0
OPC,Glutamatergic_Neuron,PTPRM,0.197201409849537,0.01
OPC,Glutamatergic_Neuron,SEMA3,1.67109040029809,0
OPC,Glutamatergic_Neuron,SEMA5,0.40690399416431,0
OPC,Glutamatergic_Neuron,SEMA6,0.789051836727647,0
OPC,Glutamatergic_Neuron,WNT,0.0979184245281493,0
OPC,MOL,BMP,0.266512325436791,0
OPC,MOL,CD39,0.169833624252937,0
OPC,MOL,COLLAGEN,0.145079242124542,0
OPC,MOL,GAS,0.0562002667098078,0
OPC,MOL,GDF,0.0109293374381127,0
OPC,MOL,JAM,0.53471122831419,0
OPC,MOL,LAMININ,0.492879359346852,0
OPC,MOL,MPZ,0.232398152705283,0
OPC,MOL,NCAM,0.882273404629387,0
OPC,MOL,NECTIN,0.160380495324435,0
OPC,MOL,NRG,1.10788241791554,0
OPC,MOL,PSAP,0.311878170582361,0
OPC,MOL,PTN,0.256337489998774,0
OPC,MOL,SEMA4,0.0557838776378817,0
OPC,MOL,SEMA5,0.287958822957274,0
OPC,MOL,VISTA,0.0625677018332289,0
OPC,MOL,WNT,0.0453307143472733,0
OPC,Microglia,APP,0.032737436891304,0
OPC,Microglia,BMP,0.291414358925577,0
OPC,Microglia,COLLAGEN,0.171720235247444,0
OPC,Microglia,CX3C,0.103194272718759,0
OPC,Microglia,GAS,0.081766051150837,0
OPC,Microglia,GDF,0.0332906583553337,0
OPC,Microglia,JAM,0.793734699673607,0
OPC,Microglia,LAMININ,0.426739306731967,0
OPC,Microglia,NOTCH,0.0550089310562923,0
OPC,Microglia,PTN,0.351205178316183,0
OPC,Microglia,PTPRM,0.280172599607699,0
OPC,Microglia,SEMA3,0.441132915499993,0
OPC,Microglia,SEMA4,0.0399748215797133,0
OPC,Microglia,SEMA6,0.357001457526725,0
OPC,Microglia,TENASCIN,0.468953734166944,0
OPC,OPC,ACTIVIN,0.0264156329523574,0
OPC,OPC,AGRN,0.128432521024416,0
OPC,OPC,BMP,0.474169822870483,0
OPC,OPC,CD39,0.135626345491339,0
OPC,OPC,CDH,0.0904857613902806,0.01
OPC,OPC,CNTN,0.376872438431576,0
OPC,OPC,COLLAGEN,0.291140185716291,0
OPC,OPC,ENHO,0.0308999235833947,0
OPC,OPC,GAS,0.029265616872901,0
OPC,OPC,GDF,0.0527477376359929,0.00333333333333333
OPC,OPC,JAM,0.564859071993115,0
OPC,OPC,LAMININ,0.624577349069236,0
OPC,OPC,MIF,0.0290584921534835,0
OPC,OPC,MPZ,0.184130173538355,0
OPC,OPC,NCAM,0.427309943697333,0
OPC,OPC,NECTIN,0.184727883210221,0
OPC,OPC,NGL,0.042572826402219,0
OPC,OPC,NOTCH,0.0462915928851544,0
OPC,OPC,NRG,0.91409469685218,0
OPC,OPC,NRXN,3.51271021153847,0
OPC,OPC,PSAP,0.265303164157323,0
OPC,OPC,PTN,1.43104139337225,0
OPC,OPC,PTPRM,0.25317439638941,0
OPC,OPC,SEMA3,0.423731972893616,0
OPC,OPC,SEMA4,0.0260102899936314,0
OPC,OPC,SEMA5,0.270236003413332,0
OPC,OPC,SEMA6,0.181407679177907,0.01
OPC,OPC,TENASCIN,0.334715523475631,0
OPC,OPC,WNT,0.156131524369308,0
OPC,Pericyte,AGRN,0.14224553419559,0
OPC,Pericyte,ANGPTL,0.0709245637957502,0
OPC,Pericyte,BMP,0.0493049497796897,0
OPC,Pericyte,CD39,0.137708021649531,0
OPC,Pericyte,CD46,0.0101603299639744,0
OPC,Pericyte,COLLAGEN,0.216714447858658,0
OPC,Pericyte,EGF,0.0840402429119706,0
OPC,Pericyte,GAS,0.0387088542507024,0
OPC,Pericyte,JAM,0.162860337954597,0
OPC,Pericyte,LAMININ,0.64498717941106,0
OPC,Pericyte,MIF,0.0469026307940509,0
OPC,Pericyte,NOTCH,0.15546299240164,0
OPC,Pericyte,PTN,0.67363634196999,0
OPC,Pericyte,PTPRM,0.220598155035995,0.01
OPC,Pericyte,VEGF,0.0337648095845327,0
OPC,Pericyte,WNT,0.0676325024429067,0
OPC,SMC,AGRN,0.184335343982844,0
OPC,SMC,ANGPTL,0.074686516864477,0
OPC,SMC,BMP,0.0848766728146603,0
OPC,SMC,CD46,0.0601389848644635,0
OPC,SMC,COLLAGEN,0.356577506010101,0
OPC,SMC,GAS,0.105699224131533,0
OPC,SMC,JAM,0.397242154617239,0
OPC,SMC,LAMININ,0.995453108334206,0
OPC,SMC,MIF,0.150578902041612,0
OPC,SMC,NCAM,0.290400438043693,0
OPC,SMC,NOTCH,0.16881118128159,0
OPC,SMC,PTN,0.782085108087466,0
OPC,SMC,TENASCIN,0.790845496456807,0
OPC,SMC,WNT,0.0406415352292692,0
OPC,Tanycyte,AGRN,0.126207618041836,0
OPC,Tanycyte,ANGPTL,0.0139242711112381,0
OPC,Tanycyte,BMP,0.39261934892767,0
OPC,Tanycyte,CDH,0.306879484781067,0
OPC,Tanycyte,CNTN,0.43253221993294,0
OPC,Tanycyte,COLLAGEN,0.301220129713605,0
OPC,Tanycyte,ENHO,0.0463737869203201,0
OPC,Tanycyte,GAS,0.0536868455059863,0
OPC,Tanycyte,JAM,0.49772805961691,0
OPC,Tanycyte,LAMININ,0.485755810107392,0
OPC,Tanycyte,MPZ,0.0589158339186161,0
OPC,Tanycyte,NCAM,0.262638208531118,0
OPC,Tanycyte,NECTIN,0.0473411120503808,0
OPC,Tanycyte,NGL,0.0588937219068267,0
OPC,Tanycyte,NOTCH,0.105369556048526,0
OPC,Tanycyte,NRXN,0.887111077019176,0
OPC,Tanycyte,PTN,1.24275574542564,0
OPC,Tanycyte,PTPRM,0.216709212244756,0
OPC,Tanycyte,SEMA3,0.151784353634327,0
OPC,Tanycyte,SEMA4,0.041844349415755,0
OPC,Tanycyte,TENASCIN,0.310974204896908,0
OPC,Tanycyte,VCAM,0.0657844566965311,0
OPC,Tanycyte,VEGF,0.0371801749157841,0
OPC,Tanycyte,VISTA,0.011474753565582,0
OPC,Tanycyte,WNT,0.171908054990464,0
Pericyte,Astrocyte,BMP,0.23720675732729,0
Pericyte,Astrocyte,COLLAGEN,1.67727854095298,0
Pericyte,Astrocyte,HSPG,0.0617551722233371,0
Pericyte,Astrocyte,IGF,0.258577529439302,0
Pericyte,Astrocyte,JAM,0.0640544045057553,0
Pericyte,Astrocyte,LAMININ,2.78330715802541,0
Pericyte,Astrocyte,NGL,0.0127950708956113,0
Pericyte,Astrocyte,NOTCH,0.095749302900925,0
Pericyte,Astrocyte,PSAP,0.358212556169228,0
Pericyte,Astrocyte,PTN,1.54428289914489,0
Pericyte,Astrocyte,PTPRM,0.234368621786794,0
Pericyte,Astrocyte,VCAM,0.0826415281306121,0
Pericyte,Astrocyte,VTN,0.785997858192415,0
Pericyte,Endothelial,BMP,0.0907905910118285,0
Pericyte,Endothelial,COLLAGEN,0.965648770818293,0
Pericyte,Endothelial,CXCL,0.0624410748016812,0
Pericyte,Endothelial,ESAM,0.247722923294219,0
Pericyte,Endothelial,HSPG,0.0198973088593278,0
Pericyte,Endothelial,IGF,0.351987550551472,0
Pericyte,Endothelial,JAM,0.145891002721857,0
Pericyte,Endothelial,LAMININ,3.2591827184941,0.000666666666666667
Pericyte,Endothelial,NOTCH,0.0635690388172606,0
Pericyte,Endothelial,PTN,0.307741656016121,0
Pericyte,Endothelial,PTPRM,0.307539499911842,0
Pericyte,Endothelial,VTN,0.189954401672352,0
Pericyte,Ependymal,BMP,0.182296360595766,0
Pericyte,Ependymal,COLLAGEN,0.97456023145403,0
Pericyte,Ependymal,CXCL,0.107600662310309,0
Pericyte,Ependymal,HSPG,0.0912187743585104,0
Pericyte,Ependymal,IGF,0.209135210803977,0
Pericyte,Ependymal,LAMININ,1.44316562296054,0
Pericyte,Ependymal,NOTCH,0.0609864390821573,0
Pericyte,Ependymal,PSAP,0.272606433859661,0
Pericyte,Ependymal,PTN,1.65541906036077,0
Pericyte,GABAergic_Neuron,BMP,0.47883275701233,0
Pericyte,GABAergic_Neuron,CDH,0.387280960825864,0
Pericyte,GABAergic_Neuron,COLLAGEN,0.32786655855019,0
Pericyte,GABAergic_Neuron,CSPG4,0.119445258624353,0
Pericyte,GABAergic_Neuron,HSPG,0.0564621804085328,0
Pericyte,GABAergic_Neuron,IGF,0.23151168005028,0
Pericyte,GABAergic_Neuron,LAMININ,3.59904480999115,0
Pericyte,GABAergic_Neuron,NGL,0.152499748968977,0
Pericyte,GABAergic_Neuron,PTN,1.61989604823966,0
Pericyte,GABAergic_Neuron,SEMA5,0.173149652515629,0
Pericyte,GABAergic_Neuron,SEMA6,0.159624382501948,0
Pericyte,Glutamatergic_Neuron,BMP,0.491137599076857,0
Pericyte,Glutamatergic_Neuron,CDH,0.389702398436889,0
Pericyte,Glutamatergic_Neuron,COLLAGEN,0.3296894877641,0
Pericyte,Glutamatergic_Neuron,CSPG4,0.120093840496288,0
Pericyte,Glutamatergic_Neuron,HSPG,0.0577218647713269,0
Pericyte,Glutamatergic_Neuron,IGF,0.214013392663382,0
Pericyte,Glutamatergic_Neuron,KIT,0.0155829805617803,0
Pericyte,Glutamatergic_Neuron,LAMININ,3.54396921487703,0
Pericyte,Glutamatergic_Neuron,NGL,0.235966249651687,0
Pericyte,Glutamatergic_Neuron,PTN,1.66416050455611,0
Pericyte,Glutamatergic_Neuron,SEMA5,0.184314965606159,0
Pericyte,Glutamatergic_Neuron,SEMA6,0.171779015238738,0
Pericyte,MOL,BMP,0.238105191353338,0
Pericyte,MOL,COLLAGEN,0.825078532624563,0
Pericyte,MOL,HSPG,0.0176760543640212,0
Pericyte,MOL,IGF,0.265524270041168,0
Pericyte,MOL,JAM,0.104354847206296,0.01
Pericyte,MOL,LAMININ,3.05731755028739,0
Pericyte,MOL,PSAP,0.283700811842977,0
Pericyte,MOL,PTN,0.319468132742157,0
Pericyte,MOL,SEMA5,0.25593411281188,0
Pericyte,MOL,VTN,0.641907598678978,0
Pericyte,Microglia,ANGPTL,0.0637861271329733,0
Pericyte,Microglia,APP,0.0399500520484184,0
Pericyte,Microglia,BMP,0.238623875118052,0
Pericyte,Microglia,CHEMERIN,0.0224648677843028,0
Pericyte,Microglia,COLLAGEN,1.08576005425556,0
Pericyte,Microglia,CSF,0.436268633004229,0
Pericyte,Microglia,IGF,0.195317573688665,0
Pericyte,Microglia,JAM,0.186237885270822,0
Pericyte,Microglia,LAMININ,2.46360213457066,0
Pericyte,Microglia,NOTCH,0.0579520470315143,0
Pericyte,Microglia,PTN,0.444891762602832,0
Pericyte,Microglia,PTPRM,0.245263320726667,0
Pericyte,Microglia,VTN,0.748834573933671,0
Pericyte,OPC,BMP,0.407015681899179,0
Pericyte,OPC,COLLAGEN,1.65387317242779,0
Pericyte,OPC,CXCL,0.0446541242116144,0
Pericyte,OPC,HSPG,0.0658187505477225,0
Pericyte,OPC,IGF,0.187240592261019,0
Pericyte,OPC,JAM,0.0535829340965163,0
Pericyte,OPC,KIT,0.015433474140165,0
Pericyte,OPC,LAMININ,3.87478498418345,0.002
Pericyte,OPC,NGL,0.00984607270794579,0
Pericyte,OPC,NOTCH,0.048735952759939,0
Pericyte,OPC,PSAP,0.239866924743669,0
Pericyte,OPC,PTN,1.75193973140076,0
Pericyte,OPC,PTPRM,0.220598155035995,0.01
Pericyte,OPC,SEMA5,0.186565083757839,0
Pericyte,OPC,VTN,0.657570548615763,0
Pericyte,Pericyte,BMP,0.0486752182135696,0
Pericyte,Pericyte,CDH,0.345513013794373,0
Pericyte,Pericyte,COLLAGEN,1.12743060461552,0
Pericyte,Pericyte,CXCL,0.0713712027067328,0
Pericyte,Pericyte,ESAM,0.188406156329874,0
Pericyte,Pericyte,HSPG,0.073465234543838,0
Pericyte,Pericyte,IGF,0.289257326941476,0
Pericyte,Pericyte,LAMININ,3.66279842797827,0
Pericyte,Pericyte,NOTCH,0.163381410823021,0
Pericyte,Pericyte,PTN,0.815986253300276,0
Pericyte,Pericyte,VTN,0.467696398797174,0
Pericyte,SMC,AGRN,0.111633241377196,0.03
Pericyte,SMC,BMP,0.0829409970121311,0
Pericyte,SMC,COLLAGEN,2.05896366573569,0
Pericyte,SMC,CXCL,0.216829488247385,0
Pericyte,SMC,ESAM,0.191023429209757,0
Pericyte,SMC,HSPG,0.0975170333178306,0
Pericyte,SMC,IGF,0.284248547761786,0
Pericyte,SMC,LAMININ,5.52738586487393,0
Pericyte,SMC,NOTCH,0.177465640397756,0
Pericyte,SMC,PTN,0.958368117678979,0
Pericyte,SMC,VTN,0.868586769551321,0
Pericyte,Tanycyte,BMP,0.361787564503716,0
Pericyte,Tanycyte,CDH,0.367382065371235,0
Pericyte,Tanycyte,COLLAGEN,1.92409222645446,0
Pericyte,Tanycyte,HSPG,0.0645981440495897,0
Pericyte,Tanycyte,IGF,0.124890999218607,0
Pericyte,Tanycyte,JAM,0.0545653497272948,0
Pericyte,Tanycyte,LAMININ,3.18706055949482,0.0028
Pericyte,Tanycyte,NGL,0.0138015616860036,0
Pericyte,Tanycyte,NOTCH,0.110888734181442,0
Pericyte,Tanycyte,PTN,1.5184157942222,0
Pericyte,Tanycyte,VCAM,0.0779312085207489,0
Pericyte,Tanycyte,VTN,0.449668871200294,0
SMC,Astrocyte,AGRN,0.177430694883124,0
SMC,Astrocyte,BMP,0.0702093003218366,0
SMC,Astrocyte,CD39,0.0693456990570397,0
SMC,Astrocyte,COLLAGEN,2.00625244898536,0
SMC,Astrocyte,EGF,0.191952548014165,0
SMC,Astrocyte,FGF,0.948780604671689,0
SMC,Astrocyte,GAS,0.124826376280897,0
SMC,Astrocyte,HSPG,0.0647023625195612,0
SMC,Astrocyte,JAM,0.165738149361031,0
SMC,Astrocyte,LAMININ,2.40343352164566,0
SMC,Astrocyte,NOTCH,0.500175742564094,0
SMC,Astrocyte,NT,0.241643703367001,0
SMC,Astrocyte,PDGF,0.0193535632949043,0
SMC,Astrocyte,PSAP,0.360803139375336,0
SMC,Astrocyte,PTN,0.112914364172541,0
SMC,Astrocyte,VCAM,0.103462024920641,0
SMC,Astrocyte,VTN,0.491152106334735,0
SMC,Astrocyte,ncWNT,0.229843808254342,0
SMC,Endothelial,ANGPT,0.305600166125959,0
SMC,Endothelial,COLLAGEN,1.15203809620481,0
SMC,Endothelial,CXCL,0.0219980853773418,0
SMC,Endothelial,ESAM,0.250909456747666,0
SMC,Endothelial,FGF,0.220618490454628,0
SMC,Endothelial,HSPG,0.020891363430731,0
SMC,Endothelial,JAM,0.370196711776099,0
SMC,Endothelial,LAMININ,2.82917381155128,0.00117647058823529
SMC,Endothelial,NOTCH,0.32826755773773,0
SMC,Endothelial,VEGF,0.149185352352811,0
SMC,Endothelial,VTN,0.113834653803608,0
SMC,Endothelial,ncWNT,0.470687287213069,0
SMC,Ependymal,AGRN,0.247523708418161,0
SMC,Ependymal,BMP,0.0514386682432225,0
SMC,Ependymal,COLLAGEN,1.16240328114253,0
SMC,Ependymal,CXCL,0.0377376728976863,0
SMC,Ependymal,EGF,0.0730841343744201,0.01
SMC,Ependymal,FGF,0.747019686277611,0
SMC,Ependymal,GRN,0.0511919746117705,0
SMC,Ependymal,HSPG,0.0954290629651215,0
SMC,Ependymal,JAM,0.0623282363782516,0
SMC,Ependymal,LAMININ,1.29478363140569,0
SMC,Ependymal,NOTCH,0.319364902115024,0
SMC,Ependymal,NT,0.155789977243702,0
SMC,Ependymal,PSAP,0.274529911736563,0
SMC,Ependymal,PTN,0.114954822571371,0
SMC,Ependymal,TGFb,0.0436660389952167,0
SMC,Ependymal,ncWNT,0.326347448738073,0
SMC,GABAergic_Neuron,AGRN,0.163955762839386,0
SMC,GABAergic_Neuron,BMP,0.088789116381751,0
SMC,GABAergic_Neuron,CDH,0.0656915284759712,0
SMC,GABAergic_Neuron,COLLAGEN,0.396411922074955,0
SMC,GABAergic_Neuron,CSPG4,0.121614712036131,0
SMC,GABAergic_Neuron,EGF,0.0786135164224573,0
SMC,GABAergic_Neuron,FGF,0.493493739929056,0
SMC,GABAergic_Neuron,GDF,0.0895035730636128,0
SMC,GABAergic_Neuron,GRN,0.0505778461510947,0
SMC,GABAergic_Neuron,HSPG,0.0591727000593567,0
SMC,GABAergic_Neuron,JAM,0.126729181135422,0
SMC,GABAergic_Neuron,LAMININ,3.11243244954059,0
SMC,GABAergic_Neuron,NT,0.225454989612456,0
SMC,GABAergic_Neuron,SEMA5,0.20770537065053,0
SMC,GABAergic_Neuron,ncWNT,0.279440015020824,0
SMC,Glutamatergic_Neuron,AGRN,0.167188707499358,0
SMC,Glutamatergic_Neuron,BMP,0.0916386429353154,0
SMC,Glutamatergic_Neuron,CD39,0.0399828277710094,0
SMC,Glutamatergic_Neuron,CDH,0.0657184805506791,0
SMC,Glutamatergic_Neuron,COLLAGEN,0.398603951013862,0
SMC,Glutamatergic_Neuron,CSPG4,0.122273438164215,0
SMC,Glutamatergic_Neuron,EGF,0.0678587304086643,0
SMC,Glutamatergic_Neuron,FGF,0.506855284104479,0
SMC,Glutamatergic_Neuron,GDF,0.0920041687219756,0
SMC,Glutamatergic_Neuron,GRN,0.0550500806798724,0
SMC,Glutamatergic_Neuron,HSPG,0.0604889799434707,0
SMC,Glutamatergic_Neuron,JAM,0.127180173646474,0
SMC,Glutamatergic_Neuron,KIT,0.0518701701801461,0
SMC,Glutamatergic_Neuron,LAMININ,3.07206874065811,0
SMC,Glutamatergic_Neuron,NT,0.230619264355043,0
SMC,Glutamatergic_Neuron,SEMA5,0.220672883958918,0
SMC,Glutamatergic_Neuron,ncWNT,0.282177465232335,0
SMC,MOL,BMP,0.048407601824276,0
SMC,MOL,CD39,0.246311308198105,0
SMC,MOL,COLLAGEN,0.987740546927466,0
SMC,MOL,EGF,0.125690732275342,0
SMC,MOL,FGF,0.408835543676998,0
SMC,MOL,GAS,0.0977123385453579,0
SMC,MOL,GDF,0.0168064166872418,0
SMC,MOL,GRN,0.0895306203334675,0
SMC,MOL,HSPG,0.0185612383306902,0
SMC,MOL,JAM,0.252738307747175,0
SMC,MOL,LAMININ,2.56368047529453,0
SMC,MOL,NT,0.0211548484641576,0
SMC,MOL,PSAP,0.285671826894995,0
SMC,MOL,SEMA5,0.2970739193798,0
SMC,MOL,VTN,0.411751895739874,0
SMC,MOL,ncWNT,0.0886948535527455,0
SMC,Microglia,ANGPTL,0.0487878807907476,0
SMC,Microglia,APP,0.0419291041400917,0
SMC,Microglia,BMP,0.0308803664810073,0
SMC,Microglia,CHEMERIN,0.0217012483856039,0
SMC,Microglia,COLLAGEN,1.30312036125656,0
SMC,Microglia,CSF,0.344296200526557,0
SMC,Microglia,FGF,0.235240862752098,0
SMC,Microglia,GAS,0.139373513670418,0
SMC,Microglia,GDF,0.0505773016642546,0
SMC,Microglia,GRN,0.051904372097979,0
SMC,Microglia,JAM,0.515038664930676,0
SMC,Microglia,LAMININ,2.17250574647709,0
SMC,Microglia,NOTCH,0.304786415365652,0
SMC,Microglia,TGFb,0.347324008085152,0
SMC,Microglia,VTN,0.495462625387154,0
SMC,OPC,AGRN,0.187584090879815,0
SMC,OPC,BMP,0.0701858563051079,0
SMC,OPC,CD39,0.200418972778118,0
SMC,OPC,COLLAGEN,1.97974134346788,0
SMC,OPC,CXCL,0.0155407532976482,0
SMC,OPC,EGF,0.125668129009316,0
SMC,OPC,FGF,0.333607138296593,0
SMC,OPC,GAS,0.0519782250877028,0
SMC,OPC,GDF,0.0806795860149715,0
SMC,OPC,HSPG,0.068945619537653,0
SMC,OPC,JAM,0.279744920546017,0
SMC,OPC,KIT,0.0513906914939425,0
SMC,OPC,LAMININ,3.26656900106993,0
SMC,OPC,NOTCH,0.242064087791201,0
SMC,OPC,NT,0.226120804595713,0
SMC,OPC,PDGF,0.134612354173988,0
SMC,OPC,PSAP,0.241636135542104,0
SMC,OPC,PTN,0.07108933702422,0
SMC,OPC,SEMA5,0.223542040068678,0
SMC,OPC,VTN,0.423808840243051,0
SMC,OPC,ncWNT,0.274557426705038,0
SMC,Pericyte,AGRN,0.206253402720643,0
SMC,Pericyte,BMP,0.0141777933869425,0
SMC,Pericyte,CD39,0.203261270214171,0
SMC,Pericyte,COLLAGEN,1.33920773028882,0
SMC,Pericyte,CXCL,0.0253002665170446,0
SMC,Pericyte,EGF,0.0233577499884015,0
SMC,Pericyte,ESAM,0.191023429209757,0
SMC,Pericyte,FGF,0.106034056648786,0.01
SMC,Pericyte,GAS,0.0952140546111884,0.015
SMC,Pericyte,GRN,0.055635621569061,0
SMC,Pericyte,HSPG,0.0769254540403381,0
SMC,Pericyte,LAMININ,3.25257280701357,0
SMC,Pericyte,NOTCH,0.712135855090206,0
SMC,Pericyte,PDGF,0.0967529724113372,0
SMC,Pericyte,VEGF,0.0226070970705744,0
SMC,Pericyte,VTN,0.286705507609063,0
SMC,Pericyte,ncWNT,0.366057445143639,0
SMC,SMC,AGRN,0.261508612893648,0
SMC,SMC,BMP,0.0250591421097474,0
SMC,SMC,COLLAGEN,2.45932988167081,0
SMC,SMC,CXCL,0.0855095414058168,0
SMC,SMC,ESAM,0.193668384268191,0
SMC,SMC,FGF,0.545848071620622,0
SMC,SMC,GAS,0.183975714170851,0
SMC,SMC,GRN,0.0766681956157644,0
SMC,SMC,HSPG,0.101985400791166,0
SMC,SMC,JAM,0.180208713178459,0
SMC,SMC,LAMININ,4.96057518905329,0
SMC,SMC,NOTCH,0.797048874192002,0
SMC,SMC,NT,0.080350694701211,0
SMC,SMC,PDGF,0.0903571083161923,0
SMC,SMC,VTN,0.553930970169078,0
SMC,SMC,ncWNT,0.147220244429746,0
SMC,Tanycyte,AGRN,0.184551454209668,0
SMC,Tanycyte,BMP,0.0825118683099812,0
SMC,Tanycyte,COLLAGEN,2.315686196403,0
SMC,Tanycyte,EGF,0.100255729768131,0
SMC,Tanycyte,FGF,0.682770209230711,0
SMC,Tanycyte,GAS,0.0949907772609236,0
SMC,Tanycyte,GDF,0.016466551286976,0
SMC,Tanycyte,GRN,0.0531891067759368,0
SMC,Tanycyte,HSPG,0.0676712259339612,0
SMC,Tanycyte,JAM,0.291868878393123,0
SMC,Tanycyte,LAMININ,2.61562170484053,0
SMC,Tanycyte,NOTCH,0.534206991092085,0
SMC,Tanycyte,NT,0.182284151186272,0
SMC,Tanycyte,PTN,0.0809126154437412,0
SMC,Tanycyte,VCAM,0.0973780165890803,0
SMC,Tanycyte,VEGF,0.0248793796556954,0
SMC,Tanycyte,VTN,0.265458430498703,0
SMC,Tanycyte,ncWNT,0.592590038483771,0
Tanycyte,Astrocyte,AGRN,0.153591054336113,0
Tanycyte,Astrocyte,COLLAGEN,0.80617895653458,0.00125
Tanycyte,Astrocyte,ENHO,0.0781636339731276,0
Tanycyte,Astrocyte,FGF,0.643885995189679,0
Tanycyte,Astrocyte,GAS,0.296481792453956,0
Tanycyte,Astrocyte,JAM,0.348529782524002,0
Tanycyte,Astrocyte,LAMININ,0.194615770247284,0
Tanycyte,Astrocyte,MK,0.987503187352102,0
Tanycyte,Astrocyte,MPZ,0.017892871029837,0
Tanycyte,Astrocyte,NCAM,0.220820316750612,0
Tanycyte,Astrocyte,NGL,0.0177361898348021,0
Tanycyte,Astrocyte,PDGF,0.007853294015394,0
Tanycyte,Astrocyte,PSAP,0.497407061086802,0
Tanycyte,Astrocyte,PTN,1.31844990010486,0
Tanycyte,Astrocyte,PTPRM,0.230308652668363,0
Tanycyte,Astrocyte,TENASCIN,0.0870063717014491,0
Tanycyte,Astrocyte,THBS,0.150086739001228,0
Tanycyte,Endothelial,CD46,0.0103859459723603,0
Tanycyte,Endothelial,COLLAGEN,0.471249202347374,0
Tanycyte,Endothelial,EPHA,0.268139583797011,0
Tanycyte,Endothelial,EPHB,0.0733629672151873,0
Tanycyte,Endothelial,FGF,0.202584086601743,0
Tanycyte,Endothelial,GAS,0.064513433177848,0
Tanycyte,Endothelial,JAM,0.68157144201266,0
Tanycyte,Endothelial,LAMININ,0.286255633419718,0
Tanycyte,Endothelial,MIF,0.0209513859849865,0
Tanycyte,Endothelial,MK,0.361291185959268,0
Tanycyte,Endothelial,MPZ,0.0817770866608165,0
Tanycyte,Endothelial,PTN,0.256738312247282,0
Tanycyte,Endothelial,PTPRM,0.302713147389066,0
Tanycyte,Endothelial,SEMA6,0.243798472547333,0
Tanycyte,Endothelial,THBS,0.0606925991271614,0
Tanycyte,Endothelial,VEGF,0.579959263110442,0
Tanycyte,Ependymal,AGRN,0.216747929070895,0
Tanycyte,Ependymal,COLLAGEN,0.476190023885388,0
Tanycyte,Ependymal,CX3C,0.0192170929387599,0.03
Tanycyte,Ependymal,ENHO,0.0870055738355064,0
Tanycyte,Ependymal,FGF,0.639488458738939,0
Tanycyte,Ependymal,JAM,0.151743700398927,0
Tanycyte,Ependymal,LAMININ,0.136275439320353,0
Tanycyte,Ependymal,MIF,0.0215951494761758,0
Tanycyte,Ependymal,MK,1.01120486966342,0
Tanycyte,Ependymal,NCAM,0.266734489650201,0.01
Tanycyte,Ependymal,PSAP,0.374204036589484,0
Tanycyte,Ependymal,PTN,1.41891318617985,0
Tanycyte,Ependymal,SEMA4,0.124125986571574,0.015
Tanycyte,Ependymal,SEMA6,0.195749237745983,0.01
Tanycyte,Ependymal,TENASCIN,0.0886254247494155,0
Tanycyte,Ependymal,TGFb,0.0396395147871695,0
Tanycyte,Ependymal,THBS,0.155404940587834,0
Tanycyte,GABAergic_Neuron,AGRN,0.141614920118598,0
Tanycyte,GABAergic_Neuron,CADM,0.399865538394183,0
Tanycyte,GABAergic_Neuron,CDH,0.342976159205088,0
Tanycyte,GABAergic_Neuron,COLLAGEN,0.146227878586799,0
Tanycyte,GABAergic_Neuron,ENHO,0.051021095182234,0
Tanycyte,GABAergic_Neuron,EPHA,1.03628082335656,0
Tanycyte,GABAergic_Neuron,EPHB,0.152311697523174,0
Tanycyte,GABAergic_Neuron,FGF,0.462728764176644,0
Tanycyte,GABAergic_Neuron,GDF,0.209859836042406,0
Tanycyte,GABAergic_Neuron,JAM,0.264011207527554,0
Tanycyte,GABAergic_Neuron,LAMININ,0.269483797112312,0
Tanycyte,GABAergic_Neuron,MK,0.792179564064735,0
Tanycyte,GABAergic_Neuron,NCAM,0.268514709417327,0
Tanycyte,GABAergic_Neuron,NECTIN,0.0386055097662935,0
Tanycyte,GABAergic_Neuron,NEGR,0.420706127170403,0.01
Tanycyte,GABAergic_Neuron,NGL,0.218385687281585,0
Tanycyte,GABAergic_Neuron,NRXN,1.60689333592287,0.008
Tanycyte,GABAergic_Neuron,PTN,1.3589415359397,0
Tanycyte,GABAergic_Neuron,SEMA6,0.543522509369353,0
Tanycyte,GABAergic_Neuron,THBS,0.110158664622981,0
Tanycyte,Glutamatergic_Neuron,AGRN,0.14448346993281,0
Tanycyte,Glutamatergic_Neuron,CADM,0.402015239599492,0
Tanycyte,Glutamatergic_Neuron,CDH,0.345447962400539,0
Tanycyte,Glutamatergic_Neuron,COLLAGEN,0.147078973607405,0
Tanycyte,Glutamatergic_Neuron,ENHO,0.0507922528025962,0
Tanycyte,Glutamatergic_Neuron,EPHA,1.1934365648902,0
Tanycyte,Glutamatergic_Neuron,EPHB,0.192720093815025,0
Tanycyte,Glutamatergic_Neuron,FGF,0.476299136069264,0
Tanycyte,Glutamatergic_Neuron,GDF,0.21534601957019,0
Tanycyte,Glutamatergic_Neuron,JAM,0.265108509165675,0
Tanycyte,Glutamatergic_Neuron,LAMININ,0.266310477215503,0
Tanycyte,Glutamatergic_Neuron,MK,0.818976292365617,0
Tanycyte,Glutamatergic_Neuron,NCAM,0.282893599088275,0
Tanycyte,Glutamatergic_Neuron,NECTIN,0.0458413404486865,0
Tanycyte,Glutamatergic_Neuron,NGL,0.324121758860175,0
Tanycyte,Glutamatergic_Neuron,NRXN,1.64556143232636,0
Tanycyte,Glutamatergic_Neuron,PTN,1.40015577454657,0
Tanycyte,Glutamatergic_Neuron,SEMA6,0.563889420849965,0
Tanycyte,Glutamatergic_Neuron,THBS,0.113445575212809,0
Tanycyte,MOL,COLLAGEN,0.394798879099026,0
Tanycyte,MOL,EPHA,0.0961885614422128,0
Tanycyte,MOL,EPHB,0.119850947705148,0
Tanycyte,MOL,FGF,0.418410181340102,0
Tanycyte,MOL,GAS,0.228839096384027,0
Tanycyte,MOL,GDF,0.0402356979832136,0
Tanycyte,MOL,JAM,0.553039438036478,0
Tanycyte,MOL,LAMININ,0.265038730706783,0
Tanycyte,MOL,MK,0.14858302826678,0
Tanycyte,MOL,MPZ,0.077477088737729,0
Tanycyte,MOL,NECTIN,0.0660011187927729,0
Tanycyte,MOL,NRG,0.165887344845772,0
Tanycyte,MOL,PSAP,0.387232012129874,0
Tanycyte,MOL,PTN,0.267271660991195,0
Tanycyte,MOL,SEMA4,0.0855794585685459,0
Tanycyte,MOL,THBS,0.092505573867974,0
Tanycyte,Microglia,APP,0.0370410014718441,0
Tanycyte,Microglia,CHEMERIN,0.0192392196321204,0
Tanycyte,Microglia,COLLAGEN,0.510299839581781,0.0025
Tanycyte,Microglia,CX3C,0.124755086416963,0
Tanycyte,Microglia,FGF,0.217702638937579,0
Tanycyte,Microglia,GAS,0.307363232410051,0
Tanycyte,Microglia,GDF,0.115552409085075,0
Tanycyte,Microglia,JAM,0.827365105592778,0
Tanycyte,Microglia,LAMININ,0.220138634120698,0
Tanycyte,Microglia,MK,0.598955144128971,0
Tanycyte,Microglia,PTN,0.367185280513985,0
Tanycyte,Microglia,PTPRM,0.241074047675445,0
Tanycyte,Microglia,SEMA4,0.0618797692547664,0
Tanycyte,Microglia,SEMA6,0.26174137406403,0
Tanycyte,Microglia,TENASCIN,0.0727117596817963,0
Tanycyte,Microglia,TGFb,0.223107258820035,0
Tanycyte,Microglia,THBS,0.0794135196838244,0
Tanycyte,OPC,AGRN,0.162649988513881,0
Tanycyte,OPC,CDH,0.306879484781067,0
Tanycyte,OPC,COLLAGEN,0.791784578403976,0
Tanycyte,OPC,ENHO,0.0529804162790801,0
Tanycyte,OPC,EPHA,0.688880657085046,0
Tanycyte,OPC,EPHB,0.0954339192928456,0
Tanycyte,OPC,FGF,0.327600968198567,0
Tanycyte,OPC,GAS,0.130615798178233,0
Tanycyte,OPC,GDF,0.189190038447143,0
Tanycyte,OPC,JAM,0.586476255506464,0
Tanycyte,OPC,LAMININ,0.328056855896143,0.00142857142857143
Tanycyte,OPC,MIF,0.0147966542029453,0
Tanycyte,OPC,MK,0.890516893582081,0
Tanycyte,OPC,MPZ,0.0589158339186161,0
Tanycyte,OPC,NECTIN,0.0473411120503808,0
Tanycyte,OPC,NGL,0.013664129061778,0
Tanycyte,OPC,NRG,0.0792944914529536,0
Tanycyte,OPC,NRXN,2.121849962538,0
Tanycyte,OPC,PDGF,0.146761250554345,0
Tanycyte,OPC,PSAP,0.334880306473469,0
Tanycyte,OPC,PTN,1.48724233337706,0
Tanycyte,OPC,PTPRM,0.216709212244756,0
Tanycyte,OPC,SEMA4,0.0405866185902176,0
Tanycyte,OPC,SEMA6,0.133461062757463,0
Tanycyte,OPC,TENASCIN,0.068445800553999,0
Tanycyte,OPC,THBS,0.0630315517284653,0
Tanycyte,Pericyte,AGRN,0.17938567613184,0
Tanycyte,Pericyte,CD46,0.00881227673656315,0
Tanycyte,Pericyte,CDH,0.367382065371235,0
Tanycyte,Pericyte,COLLAGEN,0.562713016001287,0
Tanycyte,Pericyte,FGF,0.185876146026731,0
Tanycyte,Pericyte,GAS,0.23774399562742,0
Tanycyte,Pericyte,JAM,0.165726362434785,0
Tanycyte,Pericyte,LAMININ,0.289734637126001,0
Tanycyte,Pericyte,MIF,0.0241003166414238,0
Tanycyte,Pericyte,MK,0.722856766616988,0
Tanycyte,Pericyte,PDGF,0.0554450518448944,0
Tanycyte,Pericyte,PTN,0.698850544773761,0
Tanycyte,Pericyte,VEGF,0.0438997466555813,0
Tanycyte,SMC,AGRN,0.229524405842751,0
Tanycyte,SMC,CD46,0.0525116416424707,0
Tanycyte,SMC,COLLAGEN,0.994134831882301,0.00166666666666667
Tanycyte,SMC,FGF,0.515663802718659,0
Tanycyte,SMC,GAS,0.432736388680384,0
Tanycyte,SMC,JAM,0.41137239699959,0
Tanycyte,SMC,LAMININ,0.523897659959917,0
Tanycyte,SMC,MIF,0.0816933059755214,0
Tanycyte,SMC,MK,0.770978448687753,0
Tanycyte,SMC,NCAM,0.266084132343073,0
Tanycyte,SMC,PDGF,0.0500015425469382,0
Tanycyte,SMC,PTN,0.812936661204171,0
Tanycyte,SMC,TENASCIN,0.136998637784414,0
Tanycyte,SMC,THBS,0.0224318024302995,0
Tanycyte,Tanycyte,AGRN,0.159941097126359,0
Tanycyte,Tanycyte,CDH,0.389810886405944,0
Tanycyte,Tanycyte,COLLAGEN,0.857382247062833,0
Tanycyte,Tanycyte,ENHO,0.078614621314262,0
Tanycyte,Tanycyte,EPHA,0.117865934797384,0
Tanycyte,Tanycyte,EPHB,0.0711356645185353,0
Tanycyte,Tanycyte,FGF,0.580925599677975,0
Tanycyte,Tanycyte,GAS,0.235949299089441,0
Tanycyte,Tanycyte,GDF,0.0394410436463466,0
Tanycyte,Tanycyte,JAM,0.518738404114102,0
Tanycyte,Tanycyte,LAMININ,0.196528684451989,0
Tanycyte,Tanycyte,MK,0.937087412968302,0
Tanycyte,Tanycyte,MPZ,0.0170696949577205,0
Tanycyte,Tanycyte,NCAM,0.23986075806663,0
Tanycyte,Tanycyte,NGL,0.0191238314308145,0
Tanycyte,Tanycyte,PTN,1.29124279783119,0
Tanycyte,Tanycyte,SEMA4,0.0647046933136422,0
Tanycyte,Tanycyte,TENASCIN,0.0618355291746512,0
Tanycyte,Tanycyte,THBS,0.126669361228305,0
Tanycyte,Tanycyte,VEGF,0.0483153621179334,0
